label,exp,problema,obj,n,rho_dw_dls,rho_dw_dosc,rho_dcv_dls,rho_dsm_dosc,rho_dsm_dls,ls_ini,ls_fim,ls_razao,osc_ini,osc_fim,osc_razao,maior_queda_wape,ls_no_maior_salto,osc_no_maior_salto
BBOB_F1,main,BBOB_F1,0,100,-0.7095589558955895,-0.208064806480648,-0.04545104891905762,0.08901290129012901,-0.9708370837083709,1.269252702788359,3.51285315976653,2.767654661714972,0.6435205139995059,2.150555850737429,3.341860599550491,-0.06348633009031612,0.015526021459275563,0.017952311816104016
BBOB_F1,main,BBOB_F1,1,100,-0.648088808880888,0.06163816381638163,-0.003334199699167372,0.2426162616261626,-0.9749654965496549,1.3001999244688296,3.547365284725738,2.728322943238858,0.7369896010492196,2.34752262001385,3.185285947958812,-0.044550204343159816,0.011516301217307345,0.007217806547779482
BBOB_F17,main,BBOB_F17,0,100,-0.49210921092109206,0.30516651665166517,0.20522596342925306,0.28118811881188116,-0.8255625562556255,2.0542161924048408,4.564110602412329,2.2218258327859797,0.11790173050954872,0.059046433153113115,0.500810572482064,-0.05284109360894984,0.010988509511854483,-0.015254939851780058
BBOB_F17,main,BBOB_F17,1,100,-0.19968796879687967,-0.2031203120312031,-0.24345771276846973,0.07397539753975396,-0.7361416141614161,0.8902363176820078,1.2614808169221952,1.4170179219455252,0.6801642221134179,1.1152208622910635,1.6396347029631024,-0.010449025395723788,0.0044359377755505,0.006549429889708469
BBOB_F22,main,BBOB_F22,0,100,-0.4291149114911491,0.12772877287728773,-0.33290331566730486,0.20476447644764473,-0.9513471347134712,1.2345218081361993,2.0014401112537543,1.6212270192904883,0.5263731263408448,0.8209151874759002,1.5595689566878255,-0.016274095191209703,0.013373237927823078,0.013818591622207554
BBOB_F22,main,BBOB_F22,1,100,-0.5852745274527452,-0.32885688568856886,-0.018181190269119907,-0.4268226822682267,-0.9215721572157214,1.0179729638644617,1.6318558549361704,1.6030443959349046,0.8252913141005676,0.951495844520678,1.1529211906921046,-0.0524919984535428,0.01962961716951256,0.01565946872579016
BBOB_F37,main,BBOB_F37,0,100,-0.2859645964596459,-0.11357935793579356,-0.06039648413355232,-0.2564416441644164,-0.8842004200420042,1.0455505215708594,1.7564821247251934,1.679959111001364,0.7584767523904612,0.8718159249492673,1.1494299887262194,-0.07993659211640614,0.006584351047761283,0.013406415038815678
BBOB_F37,main,BBOB_F37,1,100,0.046924692469246916,-0.04523252325232523,-0.23609437139215902,-0.18718271827182717,-0.763996399639964,0.7039771605405744,1.247247055338045,1.7717152277785564,0.98525515973734,2.1573074443663662,2.1895926380547803,-0.009425436706566703,0.0008770767834692661,-0.004204341595348597
BBOB_F49,main,BBOB_F49,0,100,0.0007320732073207321,0.08736873687368735,-0.32913512605659956,0.4394239423942394,-0.7662286228622862,0.7576135642431743,1.424192829192296,1.8798407214567334,0.8281787918008131,1.439981448410761,1.73873258125776,-0.014898314346491581,0.0034756097728152746,0.01953943976556996
BBOB_F49,main,BBOB_F49,1,100,0.3737533753375337,-0.38844284428442843,-0.46260546287731813,0.283960396039604,-0.5054425442544254,0.34905391497016797,0.3520735788380659,1.008650995557967,0.9845876104500576,0.8890579891711151,0.9029749914938746,-0.03510145883688409,-0.06467142155734795,0.005266273362509302
BBOB_F5,main,BBOB_F5,0,100,-0.7545874587458745,0.025646564656465642,0.17481004975018574,0.2427362736273627,-0.965976597659766,1.2313787632430915,3.5494744940927516,2.8825204722099267,0.8585161306997221,2.4801785617284313,2.8889131759318194,-0.037150955434520405,0.016677370253686152,0.002219720964756533
BBOB_F5,main,BBOB_F5,1,100,-0.6041404140414041,-0.18567056705670565,-0.11369948110452331,-0.09164116411641163,-0.8508610861086108,0.9706303527886796,1.0660816864371985,1.098339530980338,0.9631597001012985,0.3436438033027568,0.3567879794665565,-0.048043579799876834,0.004454056129455585,-0.003971033666862078
BBOB_F55,main,BBOB_F55,0,100,0.37150915091509146,-0.17479747974797477,-0.1632176031977562,-0.025214521452145214,-0.2377437743774377,0.40766092101779094,0.3110956577501819,0.7631235708673807,0.9691799049250678,0.22111621602153544,0.22814775141115937,-0.012380692231509727,-0.08076481749055264,0.008549993683666712
BBOB_F55,main,BBOB_F55,1,100,0.4637743774377437,-0.19336333633363334,-0.2277681897492506,0.11036303630363035,-0.13587758775877587,0.4701058276192551,0.389577187402138,0.8287010381791345,0.9252354623065325,0.15343058520837333,0.1658286905971849,-0.021153203374107754,-0.11437087435707416,-0.00011278051334837058
DTLZ1,main,DTLZ1,0,70,0.1630828448954597,0.4112851019158429,-0.5172463242459617,-0.25066923278803255,-0.5480710349050827,0.5929258190850467,0.8184001599603221,1.3802741145987005,0.6647527031450511,0.4343778445164748,0.6534427651987934,-0.06763906653271312,0.016846214368686163,-0.12712055837123715
DTLZ1,main,DTLZ1,1,70,0.5976554982066311,0.02188784883212317,-0.43633331380930157,-0.17130609745429096,-0.17319569591461814,0.6515972573965553,0.7289293257264106,1.1186807762801736,0.7835263120977819,0.6016422873606141,0.7678648158602372,-0.11708162716350601,-0.1811749050009803,0.18185468952395928
DTLZ1,main,DTLZ1,2,70,0.18915230513515877,0.3638351850231825,-0.38367702682310717,0.19825037179599336,-0.46072959496107074,0.5381979438585384,0.6798698719164233,1.2632338708732087,0.6391752817472454,0.5424739177589332,0.8487091620252116,-0.023922709213505033,-0.030901343984561236,-0.01705984409360206
DTLZ2,main,DTLZ2,0,120,-0.11500798666574066,-0.3135009375651086,-0.14500038835523393,0.2928258906868532,-0.6216681714007917,1.1521996202253575,1.9825671705725585,1.7206802847103788,0.39329726181649544,0.5881047129672154,1.4953186051969343,-0.06779715334727454,0.0022864439564654893,0.04213627145059262
DTLZ2,main,DTLZ2,1,120,-0.15608028335301063,-0.4124869782623793,-0.25536327388296437,0.34016945621223693,-0.6778317938745746,1.2598453625595187,2.034924224198614,1.6152174581683856,0.3238566765656568,0.6109833834786904,1.8865857266179387,-0.06499890183054147,0.005346044638066649,0.05065726698299888
DTLZ2,main,DTLZ2,2,120,-0.1823043266893534,-0.5474407944996179,0.0029654427966450854,0.3752968956177512,-0.28359608306132367,1.1925061503351095,2.6750006878541206,2.243175590417216,0.3399441593958505,0.5894902410518845,1.7340796267820218,-0.06589255496159696,0.009761667056305434,0.050365351681380455
DTLZ3,main,DTLZ3,0,120,0.3999791652198069,0.059851378567956096,-0.5222536515901689,0.16140704215570523,-0.6360163900270851,0.9635780083603072,1.1130390778083303,1.1551105028874173,0.4634972288195382,0.3147886994214017,0.6791598306275184,-0.01553921901062183,-0.007229849283489879,-0.027942901658289276
DTLZ3,main,DTLZ3,1,120,0.12353635669143691,-0.08818667963052988,-0.23947979797401414,-0.03990554899645808,-0.35542746024029437,0.8297009903998505,1.032370033942978,1.2442675685435267,0.4485973156019064,0.321036526151138,0.7156452234235654,-0.030093367077578703,-0.003197024576859858,-0.0016957160118126202
DTLZ3,main,DTLZ3,2,120,-0.03488436696992846,-0.046225432321689,-0.4475314813794954,0.3454545454545454,-0.5839711091047989,0.7817328064748752,0.9941159263546306,1.2716824957589667,0.4761689142596526,0.3265497747084389,0.6857855792962849,-0.030745656212892714,-0.004046713086138583,0.001037972884101901
DTLZ4,main,DTLZ4,0,120,-0.366768525592055,-0.010674352385582331,-0.10031720672618197,0.17458156816445583,-0.41806375442739074,0.5595073006133249,0.8450885040420643,1.5104155086371327,0.9058140560760297,0.8920038935412352,0.9847538659373206,-0.022674269723302665,0.017873048280955095,-0.002251194681514801
DTLZ4,main,DTLZ4,1,120,-0.8580734773248141,0.8318980484755885,0.08512992093613109,0.6340370859087436,-0.8832974512118896,0.896954013773397,3.556511309276887,3.965098828550859,0.8372070673508188,0.40871041083963383,0.48818318284497947,-0.3508431932603223,0.1316519332217542,-0.2363889508387913
DTLZ4,main,DTLZ4,2,120,-0.4505451767483853,0.2823112716160844,0.13420258224703394,0.09978470727133827,-0.7966386554621847,1.0089346107668868,3.5317790295326965,3.5005033942171995,0.8777159513324023,0.6856020188883586,0.7811206095179103,-0.8399087900606179,0.19015186606559886,-0.22389776667468292
DTLZ7,main,DTLZ7,0,220,-0.8150104528831361,0.4244591830409719,0.13176807919752787,0.694536889379758,-0.944638600722404,2.728086759528335,8.175884926498929,2.996929953911171,0.039808412236399096,0.013242983185513733,0.33266795738728105,-0.04538085348160692,0.00386795880634927,0.0023158971987156107
DTLZ7,main,DTLZ7,1,220,-0.775570118841674,0.4717434056676603,0.01150366750207717,0.7314257056400488,-0.9390701160241853,2.710937037315969,8.199644626253207,3.0246532890234405,0.040960413923667914,0.013154341262485165,0.32114766435219716,-0.08372216973779167,0.004443748434305395,0.0038866522117571023
DTLZ7,main,DTLZ7,2,220,-0.43154460366386227,-0.2804426838270513,0.11149305676300311,0.12782946304300052,-0.7017902323301194,1.3125518275993864,4.107835934712835,3.1296561768733584,0.43331155544554495,0.477207599780076,1.1013036550326836,-0.6516158315007825,0.3485248444224953,0.3111871048913587
MMF1,main,MMF1,0,20,-0.38646616541353385,0.12932330827067667,-0.44603237452884753,-0.4015037593984962,-0.7984962406015037,0.9149436550792233,0.7553861997470476,0.825609528579812,1.1342036880710569,0.5184586995655796,0.4571125142850872,-0.4098172853986166,0.07160606462400099,-0.38037901924688144
MMF1,main,MMF1,1,20,0.04210526315789473,0.5022556390977443,-0.14436090225563908,-0.5082706766917292,-0.14436090225563908,0.25447931650520184,0.21374772835790376,0.8399414588711163,1.5038216511794944,1.3962822068692373,0.9284892299389954,-0.6065537043854516,0.4169994105405981,-0.07864136745932415
MMF11_L,main,MMF11_L,0,20,-0.4526315789473684,-0.25112781954887214,,0.17593984962406017,-0.9353383458646616,2.5156489728021834,4.14196356610522,1.6464791435076427,1.9782409120193007,1.9633209815118302,0.9924579810189847,-0.5198990988982182,0.024988308204655807,0.017190798348618586
MMF11_L,main,MMF11_L,1,20,-0.43458646616541347,-0.5804511278195488,-0.48138401298223005,-0.3578947368421052,-0.7729323308270677,0.48842023036164955,0.4834837534827089,0.9898929721332684,2.55330185683429,8.953794380346157,3.506751211722187,-0.19754237065141655,0.07448307531011522,0.3217047100062742
MMF16_20,main,MMF16_20,0,200,-0.14686417160429013,0.045247131178279464,-0.2625658712000842,0.41867996699917504,-0.8019800495012376,1.3722520966205625,1.7736617716016252,1.2925189008416254,0.19512572516593596,0.18556767030903087,0.9510159162828127,-0.016232098772187342,-0.013609486044981467,0.026011122134869114
MMF16_20,main,MMF16_20,1,200,-0.3921773044326109,0.15116327908197705,-0.2859392958013139,0.49557338933473344,-0.7325538138453462,1.4079189514020858,1.7733593741928886,1.2595606958957946,0.18932887872587684,0.18511846594749207,0.9777613811124879,-0.0474180606853829,0.04248014161861324,0.04498832964689137
MMF16_20,main,MMF16_20,2,200,-0.32835220880522015,0.35201230030750774,-0.3364515176403217,0.575222380559514,-0.7034425860646516,1.1591017153786098,1.363200812863465,1.1760838542268812,0.19140485194396425,0.17458205671052732,0.9121088359956414,-0.012418562829279889,0.00711544776850806,-0.013290593368432635
MMF4,main,MMF4,0,20,-0.6045112781954887,0.44360902255639095,0.2234824855022193,0.2857142857142857,-0.6015037593984961,1.0281993435571726,2.0908159349349176,2.033473322110382,0.8089998823917175,0.31942853233574797,0.39484373148657737,-0.4852018443668129,0.5199975521475614,-0.49384410235193865
MMF4,main,MMF4,1,20,-0.44360902255639095,-0.27669172932330827,-0.3126182568130592,0.016541353383458645,-0.6676691729323309,0.11652038769940254,0.12785435623795055,1.0972702611305003,1.1975019487137752,1.2628701291140214,1.054587118184198,-0.09586328473484795,0.09446143599674528,0.0006374588622499733
WFG1,main,WFG1,0,220,-0.42144672410587,0.43927241171399106,-0.019388636366558396,0.5950423468554008,-0.6589407369423486,1.2622338776572617,1.8412841441315235,1.4587503763953744,0.2827363176676998,0.17893627643952048,0.6328733355359901,-0.020849822369968685,0.03956964878562197,-0.03483925698087331
WFG1,main,WFG1,1,220,-0.31566241977200876,0.2735601223917098,-0.06597603482461757,0.2559023571110598,-0.5247178285050969,0.971473971208273,1.5481573916905,1.593616954826876,0.5701091325585751,0.2220994200779144,0.3895735174091341,-0.048235471607680935,0.019116694347849073,-0.00985147176799539
WFG2,main,WFG2,0,220,-0.22940443923522086,-0.048855254334706395,-0.27245976242099124,0.333323566039118,-0.815469140046094,1.5703364010340446,1.9441132485566543,1.2380234243290056,0.1548885638999978,0.11439094460956604,0.7385370599950902,-0.013224568458627406,0.0007461907142660706,0.007953719571454965
WFG2,main,WFG2,1,220,-0.46124656970748834,0.6238539864647842,-0.04374866620590693,0.7263294320506246,-0.6273972602739726,0.42217196527402495,3.1866693140376294,7.548273159183401,0.9851608722687109,0.16918959498884095,0.171738037666089,-1.6060662517193112,1.3390264074063447,-0.7961622477952106
WFG4,main,WFG4,0,220,-0.33455537210573466,0.2590917543375239,-0.0253281477504075,0.6397333528679218,-0.7722601330981669,1.246040946892594,1.6977527461102375,1.3625176205839247,0.32114604709607636,0.16288093500025397,0.5071864856288433,-0.020825807544853525,0.006278646618476602,0.006441843322376739
WFG4,main,WFG4,1,220,-0.3853355347311834,0.29799676552295407,-0.10011750027212948,0.4678361123163702,-0.6404411060333703,1.2342774071708023,1.7517813230846004,1.4192768278081143,0.4087532885686927,0.17009029278347912,0.4161196925878548,-0.020130366371264863,0.012856469730582076,0.018629807972203816
WFG5,main,WFG5,0,220,-0.25394363895572597,0.10233457115004255,-0.0007841294003098645,0.5582324202791568,-0.6135014059268692,1.5327962318158554,2.56214500978345,1.6715496532426608,0.2586352604746542,0.10576506315514261,0.4089352045851745,-0.0362440813251097,0.00937090927296269,0.007185455347509029
WFG5,main,WFG5,1,220,-0.34891104061128236,0.26898339372150815,-0.06629692553562826,0.6041462163944032,-0.6266230143748274,1.442896517745583,2.23953396926369,1.5521098995808742,0.22338169345078238,0.11077173331783843,0.4958854577859342,-0.031749355504874455,0.002669472284468122,0.005451586735659486
WFG9,main,WFG9,0,220,-0.5948823134963344,0.29404890033415415,-0.4516334131803589,0.7222136445343535,-0.7459921223015502,0.586511448110285,0.9360488089658726,1.5959599969988347,0.9269382269159275,0.6166696277234373,0.6652758617747336,-0.012562139539659567,0.055404318578542444,-0.02095397935234014
WFG9,main,WFG9,1,220,-0.6262736457740486,0.4473236674687118,-0.4061757277194349,0.7200633371463346,-0.6849484117816109,0.3605496288853748,0.8767261273169406,2.431637858087125,0.9985195813645459,0.6995814353123989,0.7006186442096335,-0.07414601217679717,0.46636495818186985,-0.07592712348018427
ZDT1,main,ZDT1,0,300,-0.9384339825998066,0.686743630484783,0.030867558301085535,0.8842404915610174,-0.9750041667129635,2.75309647647499,8.41104745353203,3.055122668385878,0.03161375953246336,0.010994206699999695,0.3477665061857013,-0.01969907303993068,0.006750907361535274,-0.01626212497630375
ZDT1,main,ZDT1,1,300,-0.45386726519183546,0.12325070278558649,0.02071944114644578,0.3899994444382715,-0.8044604940054889,1.8595802635977592,3.65635577729475,1.9662263839156588,0.18828191755049364,0.1810485357766895,0.961582174922006,-0.024094253708179636,-0.004033861268546657,0.003615387930970382
ZDT3,main,ZDT3,0,300,-0.8817017966866297,0.6560299558883987,-0.010286126297995224,0.8179704218935767,-0.9603835598173314,2.750189358271998,8.371341082454105,3.0439144334824983,0.03280178864079671,0.01100534816757758,0.3355106115734753,-0.06707834478720809,0.0026406845822526392,0.0026078144540431225
ZDT3,main,ZDT3,1,300,-0.6133521483572039,-0.005256058400648896,0.07722908616758681,0.011909021211346793,-0.518009311214569,0.9371100719358433,4.214513200407742,4.497351300153647,0.5596999104281829,0.279677881941285,0.49969256155021574,-1.8028737849821956,0.9281809017496787,0.06733600180900723
ZDT4,main,ZDT4,0,100,-0.9652085208520851,0.8155895589558955,-0.1373425332242572,0.8405640564056405,-0.9789138913891389,2.6728330245870895,6.90592983526976,2.583749067653269,0.09197273445364833,0.04761300700868474,0.5176861087312823,-0.06783516646234578,0.01997057012206671,-0.03315033082653418
ZDT4,main,ZDT4,1,100,-0.001488148814881488,-0.41645364536453644,-0.34537315740258,0.18046204620462045,-0.49710171017101706,0.4651948692286603,0.5071907138454045,1.0902758121265987,0.9167696248909126,0.8935863091636824,0.97471195042049,-0.030034451840424303,-0.011315395397025196,0.02781796050233193
ZDT6,main,ZDT6,0,100,-0.7921872187218721,0.8056765676567657,0.06746606991618714,0.8973897389738973,-0.857173717371737,0.5374127137512558,6.068975149495328,11.292950453539856,0.8959433465778635,0.036232297807184746,0.04044038939021902,-2.3808825708175956,1.4339275557143898,-1.2511934988876543
ZDT6,main,ZDT6,1,100,-0.05946594659465946,0.06720672067206719,-0.25751116238436333,-0.15895589558955894,-0.8363396339633963,1.6495192200317537,2.0402341301603024,1.2368659336512777,0.6662187909739841,0.7395202739951636,1.1100261415833317,-0.08976429678500253,0.013745889827773194,0.06415664635046436
q10_DTLZ2,batch,DTLZ2,0,100,-0.8859285928592858,-0.7697569756975697,0.17438852350167106,-0.7222322232223222,-0.9298769876987697,1.1521996202253575,7.3345624824997095,6.365704651998714,0.39329726181649544,11.248980994238268,28.601727208278444,-0.10081011034452647,0.0608836933135882,0.0381104879992793
q10_DTLZ2,batch,DTLZ2,1,100,-0.8981098109810981,-0.8207260726072606,0.31192606329995903,-0.8593099309930992,-0.8887368736873685,1.2598453625595187,7.2846215187573575,5.7821552828974365,0.3238566765656568,11.074148120518808,34.19459570188512,-0.09888316351758597,0.035838618699816416,0.086980460004207
q10_DTLZ2,batch,DTLZ2,2,100,-0.8435643564356435,-0.7812301230123011,0.22359354961604858,-0.7418901890189018,-0.937017701770177,1.1925061503351095,12.461771013728443,10.450068547006257,0.3399441593958505,13.676605370414253,40.23191748527272,-0.14980004887036014,0.06315208207198997,0.10010920455289507
q10_MMF16_20,batch,MMF16_20,0,100,-0.4162856285628563,0.0826162616261626,-0.2727931593771044,0.27972397239723973,-0.6667266726672666,1.3722520966205625,15.54198375398342,11.32589543295913,0.19512572516593596,0.07204995646636993,0.3692488850719107,-2.8183968763146177,1.7928819812348558,-0.7748706023455192
q10_MMF16_20,batch,MMF16_20,1,100,-0.5384338433843384,0.1726252625262526,-0.23784961010659333,0.32812481248124814,-0.856105610561056,1.4079189514020858,15.48816163038993,11.000748029541002,0.18932887872587684,0.07006416416749463,0.37006591196759936,-2.9598266867396816,1.8977984457282813,-0.8154706971389083
q10_MMF16_20,batch,MMF16_20,2,100,-0.7197479747974797,0.44007200720072004,-0.1545692089193573,0.3574077407740774,-0.8237743774377437,1.1591017153786098,17.725378573055675,15.29234090320179,0.19140485194396425,0.038062595969749785,0.19885909674271476,-2.9607048778202483,1.5093634530764304,-0.9654758267472379
q10_WFG9,batch,WFG9,0,100,-0.5862586258625863,0.19698769876987698,-0.17790658879305773,0.5794299429942993,-0.6187818781878186,0.586511448110285,0.9867424001111501,1.6823923953920972,0.9269382269159275,0.5391097998118786,0.5816027262200455,-0.035798411200916425,0.13348259520356703,-0.07020420734150161
q10_WFG9,batch,WFG9,1,100,-0.5182238223822382,0.3259405940594059,-0.32123075509319166,0.6598019801980197,-0.6858685868586858,0.3605496288853748,0.8671573907524975,2.405098553098726,0.9985195813645459,0.5495071575017045,0.5503218642450307,-0.08229831898682916,0.5182307481872442,-0.08905635041206812
q10_ZDT1,batch,ZDT1,0,100,-0.9090669066906689,0.8419321932193219,0.04841262002541817,0.7987758775877587,-0.9944194419441943,2.75309647647499,12.535186627741615,4.553122905373596,0.03161375953246336,0.010017747079821991,0.3168793344409109,-0.14905653646712214,0.05946557309518519,-0.09012952688610154
q10_ZDT1,batch,ZDT1,1,100,-0.7555355535553555,0.27546354635463544,0.07647488434479972,0.36937293729372933,-0.8112811281128113,1.8595802635977592,6.429696072657183,3.4576061052710623,0.18828191755049364,0.2624099295003047,1.3937075472472353,-0.07966167373190913,0.04547356476001052,-0.02506599946767496
q10_ZDT4,batch,ZDT4,0,100,-0.7872547254725472,0.22436243624362434,-0.23018831904802042,0.028754875487548754,-0.9527152715271526,2.6728330245870895,11.426841323367874,4.275179638328938,0.09197273445364833,0.08019833482561566,0.8719794545853518,-0.38215698760583106,0.183135568521422,-0.09184135518871672
q10_ZDT4,batch,ZDT4,1,100,-0.1281248124812481,0.09971797179717971,-0.17285242475190601,0.41201320132013197,-0.19073507350735072,0.4651948692286603,0.3077467491651203,0.6615437304271976,0.9167696248909126,0.6684751498017867,0.7291637197091136,-0.03670120693147583,0.06275065362175336,0.024226518350552062
