problema,D,M,n_real,maxfe,fe_final,U1_fe_exato,U1_feidx_denso,U1_solid_denso,n_init,U2_init_exato,n_opt,U2_opt_exato,U2_dX_max,U2_hash_ok,doe_hash_sidecar,C_e7gen,n_geracoes_man,U10_ngen_eq_C1,U10_timing_C1,U10_pop_gers,U10_pop_eq_C1,U10_pop_prog_ok,n_pop_rows,n_pop_esperado,U10_pop_total_ok,U10_ger1_dup,tempo_fit_inicial_s,tempo_fit_upd_c1,razao_80k_8k,tfi_so_em_c1,lote3_all,lotes,fe_ciclo3_all,delta_set,gat_ok,gat_n,n_conv,n_inc,motivo_ok,n_inc_se_paper,NW,NW_manifest,N_pop,ratio_quant_max,ratio_quant_ok,ratio_min,ratio_max,pop_por_w_len,pop_por_w_vals,n_std_neg_tot,n_dup_infill_tot,stall_tot,guards,cache_hits_man,cache_hits_footer,n_cache_guard,U9_ok,hard_stop,hard_stop_esperado,C_esperado,U14_ok,overshoot_teorico,esp_c1,esp_resto_ok,ymin_chain_max,ymin_chain_n,ymin_c1,n_treino_const,n_acum_const,fe_ok,fetm_ok,fetm_mono,U7_viol,U7_n,U7_viol_com_sonda,U7_sonda_gers,hp_T,hp_drop,hp_lr,hp_wd,hp_batch,hp_batch_eq_D,hp_neuron,hp_pi,hp_pu,hp_loss,hp_const,hp_drop_all,hp_T_all,hp_loss_all,nclu3,nfront1_min,nfront1_max,nfront1_c1,nfront1_last,distmin_n,distmin_min,distmin_med,distmin_zeros,rss_max,rss_c1,sonda_n_blocos,sonda_man_blocos,sonda_gers_eq_man,sonda_cad_ok,sonda_gers_falt,sonda_gers_extra,sonda_falhas,sonda_npontos_ok,sonda_ok_all,sonda_xhash_ok,status,n_retries,fallback,footer_n,termino,cp_init,tem_motivo_parada,tempo_total_s,tempo_fit_tot,tempo_busca_tot,tempo_sonda_tot,tempo_aval_tot
BBOB_F1,10,2,309,309,309,True,True,True,109,True,200,True,2.375113989927513e-07,True,f875df0bb019,66,67,True,True,67,True,True,13936,13936,True,True,3.616258833333333,0.33422745833333334,10.819753862732453,True,True,[3],True,[0.05],66,66,45,21,66,18,100,100,100,3.552713678800501e-15,66,0.11,0.63,[19],[100],0,0,0,"[('cache_hit', 1), ('hard_stop', 309)]",1,1,1,True,True,True,66,True,1,cru,True,0.0,65,"[0, 0]",True,True,True,True,True,0,66,34,35,100,"(0.1, 0.1)",0.01,1e-05,10,True,40,80000,8000,INACESSIVEL (DI-12.1),True,True,True,True,True,2,22,2,22,198,0.42244298236262373,1.122282657620013,0,1184.40625,950.796875,35,35,True,True,[],[],0,True,True,True,ok,0,False,1,normal,True,False,1548.30040025,25.44945067167282,1423.6222743988037,53.83629754166667,0.05577454166666664
BBOB_F17,10,2,309,309,309,True,True,True,109,True,200,True,2.3787903291605517e-07,True,d15aed2c60ef,66,67,True,True,67,True,True,13936,13936,True,True,3.607123125,0.33529495833333334,10.758059539368261,True,True,[3],True,[0.05],66,66,45,21,66,8,100,100,100,3.552713678800501e-15,66,0.09,0.44,[19],[100],0,0,0,"[('cache_hit', 1), ('hard_stop', 309)]",1,1,1,True,True,True,66,True,1,cru,True,0.0,65,"[0, 0]",True,True,True,True,True,0,66,34,35,100,"(0.1, 0.1)",0.01,1e-05,10,True,40,80000,8000,INACESSIVEL (DI-12.1),True,True,True,True,True,4,15,5,15,198,1.9170014715459882,3.5293147770080315,0,1165.5,960.4375,35,35,True,True,[],[],0,True,True,True,ok,0,False,1,normal,True,False,1544.125487625,25.69229656457901,1422.584768295288,51.299646,0.06257774999999999
BBOB_F22,10,2,309,309,309,True,True,True,109,True,200,True,2.345476923792944e-07,True,f363ce9265e2,66,67,True,True,67,True,True,13936,13936,True,True,3.483243,0.3285642916666667,10.601404621089504,True,True,[3],True,[0.05],66,66,48,18,66,14,100,100,100,1.7763568394002505e-15,66,0.06,0.38,[19],[100],0,0,0,"[('cache_hit', 1), ('hard_stop', 309)]",1,1,1,True,True,True,66,True,1,cru,True,0.0,65,"[0, 0]",True,True,True,True,True,0,66,34,35,100,"(0.1, 0.1)",0.01,1e-05,10,True,40,80000,8000,INACESSIVEL (DI-12.1),True,True,True,True,True,3,14,6,14,198,0.8709888358486416,1.8534152601447649,0,1129.984375,952.984375,35,35,True,True,[],[],0,True,True,True,ok,0,False,1,normal,True,False,1544.1875012083333,25.48673313856125,1424.3691596984863,51.82940829166666,0.055338874999999954
BBOB_F37,10,2,309,309,309,True,True,True,109,True,200,True,2.3685163252906705e-07,True,6ff27d4d787c,66,67,True,True,67,True,True,13936,13936,True,True,3.3667602083333334,0.3190469166666667,10.552555227640239,True,True,[3],True,[0.05],66,66,47,19,66,11,100,100,100,3.552713678800501e-15,66,0.07,0.39,[19],[100],0,0,0,"[('cache_hit', 1), ('hard_stop', 309)]",1,1,1,True,True,True,66,True,1,cru,True,0.0,65,"[0, 0]",True,True,True,True,True,0,66,34,35,100,"(0.1, 0.1)",0.01,1e-05,10,True,40,80000,8000,INACESSIVEL (DI-12.1),True,True,True,True,True,3,12,4,12,198,0.9336261441933009,1.7670908413897881,0,1522.546875,952.890625,35,35,True,True,[],[],0,True,True,True,ok,0,False,1,normal,True,False,1556.3472852083332,25.2241712808609,1433.2948837280273,51.913653124999996,0.063904
BBOB_F49,10,2,309,309,309,True,True,True,109,True,200,True,2.365150315597475e-07,True,95bec03708fd,66,67,True,True,67,True,True,13936,13936,True,True,3.3507365,0.3366695416666667,9.952597682024745,True,True,[3],True,[0.05],66,66,48,18,66,13,100,100,100,3.552713678800501e-15,66,0.22,0.54,[19],[100],0,0,0,"[('cache_hit', 1), ('hard_stop', 309)]",1,1,1,True,True,True,66,True,1,cru,True,0.0,65,"[0, 0]",True,True,True,True,True,0,66,34,35,100,"(0.1, 0.1)",0.01,1e-05,10,True,40,80000,8000,INACESSIVEL (DI-12.1),True,True,True,True,True,5,15,5,12,198,1.0451614710513888,2.5222190182756847,0,1687.8125,955.078125,35,35,True,True,[],[],0,True,True,True,ok,0,False,1,normal,True,False,1558.0955396666666,25.088581085205078,1436.599645614624,52.02322233333333,0.22741441666666676
BBOB_F5,10,2,309,309,309,True,True,True,109,True,200,True,2.3727650955152058e-07,True,9c1c6f9e8c0a,66,67,True,True,67,True,True,13936,13936,True,True,3.440813791666667,0.33686904166666665,10.214099148568739,True,True,[3],True,[0.05],66,66,46,20,66,16,100,100,100,7.105427357601002e-15,66,0.06,0.72,[19],[100],0,0,0,"[('cache_hit', 1), ('hard_stop', 309)]",1,1,1,True,True,True,66,True,1,cru,True,0.0,65,"[0, 0]",True,True,True,True,True,0,66,34,35,100,"(0.1, 0.1)",0.01,1e-05,10,True,40,80000,8000,INACESSIVEL (DI-12.1),True,True,True,True,True,2,21,2,20,198,0.6413359218078253,1.3770018181719346,0,1666.484375,952.84375,35,35,True,True,[],[],0,True,True,True,ok,0,False,1,normal,True,False,1545.4808760833334,24.714083045721054,1425.0876941680908,52.06509891666667,0.05057904166666673
BBOB_F55,10,2,309,309,309,True,True,True,109,True,200,True,2.3578255614609134e-07,True,156cb913846b,66,67,True,True,67,True,True,13936,13936,True,True,3.4679574166666667,0.3457305,10.030811330405234,True,True,[3],True,[0.05],66,66,51,15,66,11,100,100,100,3.552713678800501e-15,66,0.12,0.44,[19],[100],0,0,0,"[('cache_hit', 1), ('hard_stop', 309)]",1,1,1,True,True,True,66,True,1,cru,True,0.0,65,"[0, 0]",True,True,True,True,True,0,66,34,35,100,"(0.1, 0.1)",0.01,1e-05,10,True,40,80000,8000,INACESSIVEL (DI-12.1),True,True,True,True,True,3,11,3,11,198,0.5598353872182239,1.264296932746034,0,1628.640625,953.4375,35,35,True,True,[],[],0,True,True,True,ok,0,False,1,normal,True,False,1560.86146625,24.917268812656403,1434.2832012176514,52.59462891666667,0.47606520833333366
DTLZ1,7,3,216,216,216,True,True,True,76,True,140,True,2.968073053999376e-08,True,721bacf39910,46,47,True,True,47,True,True,6815,6815,True,True,3.0681450416666665,0.2803045416666667,10.945755724911699,True,True,[3],True,[0.05],46,46,35,11,46,7,91,91,100,7.105427357601002e-15,46,0.15384615384615385,0.8241758241758241,[19],[100],0,0,0,"[('cache_hit', 1), ('hard_stop', 216)]",1,1,1,True,True,True,46,True,1,cru,True,0.0,45,"[0, 0, 0]",True,True,True,True,True,0,46,24,25,100,"(0.1, 0.1)",0.01,1e-05,7,True,40,80000,8000,INACESSIVEL (DI-12.1),True,True,True,True,True,17,25,18,25,138,0.09908239262225117,0.406736744797358,0,1164.578125,956.28125,25,25,True,True,[],[],0,True,True,True,ok,0,False,1,normal,True,False,1093.2011304583334,16.107455402612686,999.1029033660889,37.102410625,0.036124791666666684
DTLZ2,12,3,371,371,371,True,True,True,131,True,240,True,2.976508484131557e-08,True,e9e359a6a4af,80,81,True,True,81,True,True,20331,20331,True,True,3.8416525416666665,0.36544733333333335,10.512192021285328,True,True,[3],True,[0.05],80,80,64,16,80,7,91,91,100,7.105427357601002e-15,80,0.6373626373626373,0.8901098901098901,[19],[100],0,0,0,"[('cache_hit', 1)]",1,1,1,True,False,False,80,True,0,cru,True,0.0,79,"[0, 0, 0]",True,True,True,True,True,0,80,41,41,100,"(0.1, 0.1)",0.01,1e-05,12,True,40,80000,8000,INACESSIVEL (DI-12.1),True,True,True,True,True,40,96,40,94,240,0.17280261946746214,0.3619870009959518,0,1443.125,964.28125,41,41,True,False,[81],[],0,True,True,True,ok,0,False,1,normal,True,False,1868.3858669166666,33.845939218997955,1747.6285343170166,60.73757225000001,0.055440500000000004
DTLZ3,12,3,371,371,371,True,True,True,131,True,240,True,2.9797159739608503e-08,True,b41f7d771c68,80,81,True,True,81,True,True,20331,20331,True,True,3.8895375833333334,0.3768497083333333,10.32119037728679,True,True,[3],True,[0.05],80,80,60,20,80,11,91,91,100,7.105427357601002e-15,80,0.43956043956043955,0.7912087912087912,[19],[100],0,0,0,"[('cache_hit', 1)]",1,1,1,True,False,False,80,True,0,cru,True,0.0,79,"[0, 0, 0]",True,True,True,True,True,0,80,41,41,100,"(0.1, 0.1)",0.01,1e-05,12,True,40,80000,8000,INACESSIVEL (DI-12.1),True,True,True,True,True,16,33,19,32,240,0.28140625221293175,0.7113495963843735,0,1417.59375,968.234375,41,41,True,False,[81],[],0,True,True,True,ok,0,False,1,normal,True,False,1837.11811975,34.39599123597145,1716.5202026367188,60.97382216666668,0.05856812499999999
DTLZ4,12,3,371,371,371,True,True,True,131,True,240,True,2.974925017440455e-08,True,75dc5d1c4ced,80,81,True,True,81,True,True,20331,20331,True,True,3.76026375,0.38329858333333333,9.810273018227956,True,True,[3],True,[0.05],80,80,56,24,80,18,91,91,100,7.105427357601002e-15,80,0.24175824175824176,0.6703296703296703,[19],[100],0,0,0,"[('cache_hit', 1)]",1,1,1,True,False,False,80,True,0,cru,True,0.0,79,"[0, 0, 0]",True,True,True,True,True,0,80,41,41,100,"(0.1, 0.1)",0.01,1e-05,12,True,40,80000,8000,INACESSIVEL (DI-12.1),True,True,True,True,True,25,40,25,40,240,0.15689672072077945,0.43935271088558875,0,1001.046875,965.078125,41,41,True,False,[81],[],0,True,True,True,ok,0,False,1,normal,True,False,2211.080118083333,42.9542111158371,2058.755422592163,73.11491629166667,0.07954145833333329
DTLZ7,22,3,681,681,681,True,True,True,241,True,440,True,2.9791798028533378e-08,True,82fffdba6191,146,147,True,True,147,True,True,67620,67620,True,True,14.960248416666667,1.4123810833333332,10.592218058712083,True,True,[3],True,[0.05],146,146,95,51,146,42,91,91,100,7.105427357601002e-15,146,0.10989010989010989,0.7362637362637363,[19],[100],0,0,0,"[('cache_hit', 1), ('hard_stop', 681)]",1,1,1,True,True,True,146,True,1,cru,True,0.0,145,"[0, 0, 0]",True,True,True,True,True,0,146,74,75,100,"(0.1, 0.1)",0.01,1e-05,22,True,40,80000,8000,INACESSIVEL (DI-12.1),True,True,True,True,True,2,37,4,34,438,0.2610968500909477,0.6743488351306093,0,1837.140625,991.796875,75,75,True,True,[],[],0,True,True,True,ok,0,False,1,normal,True,False,3452.417722625,107.38487243652344,3155.093074798584,116.30957158333331,0.12727616666666675
MMF1,2,2,61,61,61,True,True,True,21,True,40,True,1.1457521598146059e-07,True,b4682dc218d2,13,14,True,True,14,True,True,567,567,True,True,4.759159,0.467534,10.179278940141252,True,True,[3],True,[0.05],13,13,8,5,13,4,100,100,100,7.105427357601002e-15,13,0.26,0.87,[19],[100],0,0,0,"[('cache_hit', 1), ('hard_stop', 61)]",1,1,1,True,True,True,13,True,2,cru,True,0.0,12,"[0, 0]",True,True,True,True,True,0,13,7,8,100,"(0.1, 0.1)",0.01,1e-05,2,True,40,80000,8000,INACESSIVEL (DI-12.1),True,True,True,True,True,7,10,7,10,39,0.016366851128445895,0.10545361158650915,0,1543.41015625,1241.98828125,8,8,True,True,[],[],0,True,True,True,ok,0,False,1,normal,True,False,299.804202,10.95271098613739,241.569917678833,12.774656999999998,0.02369700000000001
MMF11_L,2,2,61,61,61,True,True,True,21,True,40,True,5.8479016962209585e-08,True,bc5b5476bae0,13,14,True,True,14,True,True,567,567,True,True,4.757472,0.464769,10.236207664452664,True,True,[3],True,[0.05],13,13,9,4,13,1,100,100,100,0.0,13,0.69,0.92,[19],[100],0,0,0,"[('cache_hit', 1), ('hard_stop', 61)]",1,1,1,True,True,True,13,True,2,cru,True,0.0,12,"[0, 0]",True,True,True,True,True,0,13,7,8,100,"(0.1, 0.1)",0.01,1e-05,2,True,40,80000,8000,INACESSIVEL (DI-12.1),True,True,True,True,True,10,16,10,12,39,0.00421382418806592,0.05280448464917756,0,1581.4453125,1280.88671875,8,8,True,True,[],[],0,True,True,True,ok,0,False,1,normal,True,False,293.488627,10.805034011602402,237.47420120239258,12.223832999999999,0.026462999999999997
MMF16_20,20,3,619,619,619,True,True,True,219,True,400,True,2.9796276557192414e-08,True,00c877887f6a,133,134,True,True,134,True,True,56079,56079,True,True,5.939589958333333,0.5642854166666667,10.525861173977413,True,True,[3],True,[0.05],133,133,97,36,133,18,91,91,100,7.105427357601002e-15,133,0.5714285714285714,0.8351648351648352,[19],[100],0,0,0,"[('cache_hit', 1), ('hard_stop', 619)]",1,1,1,True,True,True,133,True,2,cru,True,0.0,132,"[0, 0, 0]",True,True,True,True,True,0,133,67,68,100,"(0.1, 0.1)",0.01,1e-05,20,True,40,80000,8000,INACESSIVEL (DI-12.1),True,True,True,True,True,48,111,50,111,399,0.5618983471405029,1.1251565083871857,0,1192.890625,981.609375,68,68,True,True,[],[],0,True,True,True,ok,0,False,1,normal,True,False,3494.566439208333,98.18921381235123,3209.339479446411,114.1791676666667,0.13005441666666667
MMF4,2,2,61,61,61,True,True,True,21,True,40,True,5.4513727754113006e-08,True,8e6e2b094ef9,13,14,True,True,14,True,True,567,567,True,True,5.897525,0.554907,10.627952071247973,True,True,[3],True,[0.05],13,13,9,4,13,4,100,100,100,7.105427357601002e-15,13,0.51,0.94,[19],[100],0,0,0,"[('cache_hit', 1), ('hard_stop', 61)]",1,1,1,True,True,True,13,True,2,cru,True,0.0,12,"[0, 0]",True,True,True,True,True,0,13,7,8,100,"(0.1, 0.1)",0.01,1e-05,2,True,40,80000,8000,INACESSIVEL (DI-12.1),True,True,True,True,True,10,25,10,25,39,0.021739747060019292,0.10566802122782784,0,1543.828125,1236.125,8,8,True,True,[],[],0,True,True,True,ok,0,False,1,normal,True,False,302.669881,12.37279587984085,243.45267868041992,12.841778999999999,0.025734
WFG1,22,2,681,681,681,True,True,True,241,True,440,True,1.9048635309104611e-06,True,737008bc4aa4,146,147,True,True,147,True,True,67620,67620,True,True,5.96258125,0.5810464583333333,10.261797769326392,True,True,[3],True,[0.05],146,146,113,33,146,24,100,100,100,0.0,146,0.46,1.0,[19],[100],0,0,0,"[('cache_hit', 1), ('hard_stop', 681)]",1,1,1,True,True,True,146,True,1,cru,True,0.0,145,"[0, 0]",True,True,True,True,True,0,146,74,75,100,"(0.1, 0.1)",0.01,1e-05,22,True,40,80000,8000,INACESSIVEL (DI-12.1),True,True,True,True,True,19,83,19,76,438,14.883764622753198,23.666871600468593,0,1759.6875,977.828125,75,75,True,True,[],[],0,True,True,True,ok,0,False,1,normal,True,False,3479.1204278333335,94.02120190858841,3203.5047035217285,114.20833545833335,0.13372162499999996
WFG2,22,2,681,681,681,True,True,True,241,True,440,True,1.9052260000762544e-06,True,4992992e00fb,146,147,True,True,147,True,True,67620,67620,True,True,5.954306833333334,0.6032617916666667,9.870187231455553,True,True,[3],True,[0.05],146,146,107,39,146,24,100,100,100,7.105427357601002e-15,146,0.26,0.62,[19],[100],0,0,0,"[('cache_hit', 1), ('hard_stop', 681)]",1,1,1,True,True,True,146,True,1,cru,True,0.0,145,"[0, 0]",True,True,True,True,True,0,146,74,75,100,"(0.1, 0.1)",0.01,1e-05,22,True,40,80000,8000,INACESSIVEL (DI-12.1),True,True,True,True,True,6,9,8,8,438,13.960584423719586,24.694532167012266,0,2098.265625,969.671875,75,75,True,True,[],[],0,True,True,True,ok,0,False,1,normal,True,False,3469.6405204166667,96.63656657934189,3188.872983932495,115.25118754166664,0.16841466666666688
WFG4,22,2,681,681,681,True,True,True,241,True,440,True,1.9042712366967862e-06,True,efcdbbe567fe,146,147,True,True,147,True,True,67620,67620,True,True,6.051388333333334,0.6094864166666667,9.928668084891692,True,True,[3],True,[0.05],146,146,109,37,146,26,100,100,100,7.105427357601002e-15,146,0.54,0.91,[19],[100],0,0,0,"[('cache_hit', 1), ('hard_stop', 681)]",1,1,1,True,True,True,146,True,1,cru,True,0.0,145,"[0, 0]",True,True,True,True,True,0,146,74,75,100,"(0.1, 0.1)",0.01,1e-05,22,True,40,80000,8000,INACESSIVEL (DI-12.1),True,True,True,True,True,24,54,30,49,438,10.138434287392151,19.431140653841766,0,1715.265625,981.109375,75,75,True,True,[],[],0,True,True,True,ok,0,False,1,normal,True,False,3436.3676900416667,94.66835916042328,3161.583143234253,113.79093925,0.10991362500000017
WFG5,22,2,681,681,681,True,True,True,241,True,440,True,1.8893242028639179e-06,True,83b71528d381,146,147,True,True,147,True,True,67620,67620,True,True,5.992673458333333,0.5887945833333333,10.177867847233083,True,True,[3],True,[0.05],146,146,107,39,146,26,100,100,100,7.105427357601002e-15,146,0.39,0.84,[19],[100],0,0,0,"[('cache_hit', 1), ('hard_stop', 681)]",1,1,1,True,True,True,146,True,1,cru,True,0.0,145,"[0, 0]",True,True,True,True,True,0,146,74,75,100,"(0.1, 0.1)",0.01,1e-05,22,True,40,80000,8000,INACESSIVEL (DI-12.1),True,True,True,True,True,16,35,27,35,438,11.752459170372067,25.204432157833818,0,1806.421875,992.984375,75,75,True,True,[],[],0,True,True,True,ok,0,False,1,normal,True,False,3292.6019618333335,93.38659930229187,3023.4611797332764,109.6930312916667,0.11221249999999988
WFG9,22,2,681,681,681,True,True,True,241,True,440,True,1.9070339618565413e-06,True,9c1105d2d7e8,146,147,True,True,147,True,True,67620,67620,True,True,5.999865958333333,0.6067127083333334,9.88913842733776,True,True,[3],True,[0.05],146,146,102,44,146,37,100,100,100,7.105427357601002e-15,146,0.29,0.73,[19],[100],0,0,0,"[('cache_hit', 1), ('hard_stop', 681)]",1,1,1,True,True,True,146,True,1,cru,True,0.0,145,"[0, 0]",True,True,True,True,True,0,146,74,75,100,"(0.1, 0.1)",0.01,1e-05,22,True,40,80000,8000,INACESSIVEL (DI-12.1),True,True,True,True,True,13,17,15,14,438,10.48032514156709,21.974926276185226,0,1876.34375,965.1875,75,75,True,True,[],[],0,True,True,True,ok,0,False,1,normal,True,False,3231.574033625,94.30787748098373,2961.7553634643555,108.88825570833333,0.5600908333333341
ZDT1,30,2,929,929,929,True,True,True,329,True,600,True,2.978190016822424e-08,True,15afa53dfdb4,200,201,True,True,201,True,True,126429,126429,True,True,7.940711083333333,0.7836561666666667,10.132901929566474,True,True,[3],True,[0.05],200,200,145,55,200,35,100,100,100,7.105427357601002e-15,200,0.16,0.66,[19],[100],0,0,0,"[('cache_hit', 1)]",1,1,1,True,False,False,200,True,0,cru,True,0.0,199,"[0, 0]",True,True,True,True,True,0,200,101,101,100,"(0.1, 0.1)",0.01,1e-05,30,True,40,80000,8000,INACESSIVEL (DI-12.1),True,True,True,True,True,3,28,6,26,600,0.44798693360550573,0.7039924178337017,0,1685.75,974.3125,101,101,True,False,[201],[],0,True,True,True,ok,0,False,1,normal,True,False,4316.633400333333,169.39239007234573,3937.20733833313,145.807320875,0.11579666666666676
ZDT3,30,2,929,929,929,True,True,True,329,True,600,True,2.9800702572302384e-08,True,0e2102b5ae8b,200,201,True,True,201,True,True,126429,126429,True,True,7.937306125,0.7735249166666667,10.261215836723208,True,True,[3],True,[0.05],200,200,145,55,200,38,100,100,100,7.105427357601002e-15,200,0.19,0.58,[19],[100],0,0,0,"[('cache_hit', 1)]",1,1,1,True,False,False,200,True,0,cru,True,0.0,199,"[0, 0]",True,True,True,True,True,0,200,101,101,100,"(0.1, 0.1)",0.01,1e-05,30,True,40,80000,8000,INACESSIVEL (DI-12.1),True,True,True,True,True,5,24,5,17,600,0.4855787179751943,0.9433115408687305,0,1650.0,982.625,101,101,True,False,[201],[],0,True,True,True,ok,0,False,1,normal,True,False,4180.465157208333,170.47046864032745,3798.580820083618,142.862676625,0.12282179166666674
ZDT4,10,2,309,309,309,True,True,True,109,True,200,True,2.374759207057764e-07,True,f238a513ec1a,66,67,True,True,67,True,True,13936,13936,True,True,3.534377,0.345411625,10.232362619526775,True,True,[3],True,[0.05],66,66,44,22,66,11,100,100,100,3.552713678800501e-15,66,0.06,0.42,[19],[100],0,0,0,"[('cache_hit', 1), ('hard_stop', 309)]",1,1,1,True,True,True,66,True,1,cru,True,0.0,65,"[0, 0]",True,True,True,True,True,0,66,34,35,100,"(0.1, 0.1)",0.01,1e-05,10,True,40,80000,8000,INACESSIVEL (DI-12.1),True,True,True,True,True,1,6,6,1,198,0.6720752738438563,2.016120796465306,0,1211.8125,946.484375,35,35,True,True,[],[],0,True,True,True,ok,0,False,1,normal,True,False,1554.1462458333333,25.45704486966133,1433.157886505127,52.28399375000001,0.0449427916666667
ZDT6,10,2,309,309,309,True,True,True,109,True,200,True,2.979843327644005e-08,True,57a9736e2650,66,67,True,True,67,True,True,13936,13936,True,True,3.3098681666666665,0.31920983333333336,10.368941746259903,True,True,[3],True,[0.05],66,66,49,17,66,12,100,100,100,3.552713678800501e-15,66,0.06,0.49,[19],[100],0,0,0,"[('cache_hit', 1), ('hard_stop', 309)]",1,1,1,True,True,True,66,True,1,cru,True,0.0,65,"[0, 0]",True,True,True,True,True,0,66,34,35,100,"(0.1, 0.1)",0.01,1e-05,10,True,40,80000,8000,INACESSIVEL (DI-12.1),True,True,True,True,True,3,10,4,4,198,0.04920194741992243,0.24302057120218806,0,1302.625,948.703125,35,35,True,True,[],[],0,True,True,True,ok,0,False,1,normal,True,False,1557.8475547916667,25.99742302298546,1437.9492321014404,51.77057829166665,0.04731870833333336
