problema,D,M,n_blocos,S,u5_dx_max,u5_ok,wape_1,wape_n,dwape,corr_1,corr_n,cob_1,cob_n,mu_max,sig_med_1,sig_med_n,wape_min,wape_min_bloco,cob_max
BBOB_F1,10,2,101,2000,2.384185791015625e-07,True,0.0002561224574345202,0.00014955452253541157,-0.41608196316152235,0.9999994541839219,0.9999998313020662,1.0,0.7885,271.00439453125,0.43835630267858505,0.013226360781118274,0.00012944635583127319,56,1.0
BBOB_F17,10,2,101,2000,2.384185791015625e-07,True,0.21026095627718105,0.18399327089353898,-0.12492897325651908,0.9388243282010723,0.9401293536213728,0.829,0.79,77895544.0,141069.6041841507,77238.45064735413,0.16995267399377495,89,0.9235
BBOB_F22,10,2,101,2000,2.384185791015625e-07,True,0.06787970690318192,0.0621888382065415,-0.08383755552682937,0.9773590627038625,0.9783526828426117,0.87675,0.89375,2423424.75,37023.35165023804,32742.54202079773,0.061378243103684595,46,0.9565
BBOB_F37,10,2,101,2000,2.384185791015625e-07,True,0.22466573170286916,0.18113835204347933,-0.19374285223416632,0.8730160566506536,0.9100436385154527,0.9179999999999999,0.9137500000000001,6902.322265625,280.69603157043457,199.94583320617676,0.18113835204347933,101,0.952
BBOB_F49,10,2,101,2000,2.384185791015625e-07,True,0.16121011301469593,0.15692112159697216,-0.02660497742677459,0.8414535450137738,0.8093001542846313,0.94675,0.90625,5712.89013671875,203.72434306144714,149.34012866020203,0.14880069053266692,26,0.94675
BBOB_F5,10,2,101,2000,2.384185791015625e-07,True,0.012534547107665502,0.05224807338391036,3.1683255832959496,0.9934103733572083,0.8912030292969342,0.983,0.98875,3917.088623046875,39.9775176346302,176.26625869236887,0.012534547107665502,1,0.99575
BBOB_F55,10,2,101,2000,2.384185791015625e-07,True,0.054821750128999314,0.14185234789699958,1.587519507553322,,0.11186347789987786,0.94975,0.99675,98.91026306152344,5.446946144104004,17.624753713607788,0.05464807093994799,4,0.998
DTLZ1,7,3,71,2000,2.9802322387695312e-08,True,0.3849657467066827,0.39614242213003725,0.02903290882102927,0.7549204596403211,0.712111983037134,0.8305,0.901,564.8180541992188,32.39677047729492,40.76854133605957,0.34640019748942036,15,0.913
DTLZ2,12,3,121,2000,2.9802322387695312e-08,True,0.14569718652793093,0.07633698468384845,-0.4760572492646298,0.9622597951674364,0.9902061202851751,0.837,0.955,3.1266531944274902,0.09947335720062256,0.08131014555692673,0.07633698468384845,121,0.979
DTLZ3,12,3,121,2000,2.9802322387695312e-08,True,0.27067852699479333,0.2403012994784819,-0.11222621850936765,0.8579260193390711,0.8688067695398982,0.7925,0.87,1844.0301513671875,110.93665313720703,127.23869705200195,0.23466595680291086,106,0.8815
DTLZ4,12,3,121,2000,2.9802322387695312e-08,True,0.2749156651506925,0.4927489666937048,0.7923640925431041,0.746397469884628,0.14339489555188267,0.965,0.995,3.8305721282958984,0.1802166998386383,0.6408866047859192,0.19519153231460257,3,0.996
DTLZ7,22,3,221,2000,2.9802322387695312e-08,True,0.0002409882591055217,0.00015235155311349568,-0.36780508030150383,0.9999998398979496,0.9999999232101341,0.9865,0.9685,25.95842170715332,0.00020323036733316258,8.630671436549164e-05,0.00014471978693137322,216,0.9905
MMF1,2,2,21,2000,1.1920928955078125e-07,True,0.5903431602423461,0.9134604519265537,0.5473380796883669,0.30199039152525137,0.558283766821334,0.97,0.56525,1882.290771484375,1.1592411622405052,0.7231712485663593,0.3040302228925953,8,0.97
MMF11_L,2,2,21,2000,5.923211565672659e-08,True,0.2075100996723565,0.04656050761740857,-0.7756229326142474,0.787802833871277,0.9912703915838084,0.9625,0.7829999999999999,32.82699966430664,1.3238701706290925,0.06957044486408392,0.04656050761740857,21,0.9822500000000001
MMF16_20,20,3,201,2000,2.9802322387695312e-08,True,0.12875158018939015,0.017346730355790197,-0.8652697673281088,0.9684235779186502,0.9994464916835502,0.829,0.9625,3.553588390350342,0.10707347095012665,0.03251892887055874,0.004956251325454069,186,0.9995
MMF4,2,2,21,2000,5.960464477539063e-08,True,0.3984897999926946,0.4935445178989889,0.23853739269621665,0.4207612508199594,0.4825130211296399,0.97525,0.5660000000000001,203.8746795654297,0.4132229909300804,0.21296201460063457,0.1566481244432933,5,0.97525
WFG1,22,2,221,2000,1.9073486328125e-06,False,0.005769811579044041,0.06094006029198652,9.561880480347202,0.8903161420808858,0.5757597620322683,0.852,0.99925,3.1689860820770264,0.007340374286286533,0.24885893613100052,0.005769811579044041,1,0.9995
WFG2,22,2,221,2000,1.9073486328125e-06,False,0.12644006557621315,0.045384936403008336,-0.6410557350142145,0.9839135098474621,0.9821097170618658,0.911,0.97475,4.975924015045166,0.4536216463893652,0.16344287432730198,0.035918389058806365,43,0.98075
WFG4,22,2,221,2000,1.9073486328125e-06,False,0.07504531315026432,0.07191951644721481,-0.041652124187831374,0.9192646016174356,0.9385465056977953,0.829,0.9165,4.866641521453857,0.14145655557513237,0.1790727972984314,0.06745563607869368,166,0.9445
WFG5,22,2,221,2000,1.9073486328125e-06,False,0.03848430498660049,0.04414817166227815,0.1471734172580148,0.9725750448662307,0.9694207531100545,0.901,0.852,5.007751941680908,0.10312425345182419,0.13763290829956532,0.03673889313123397,2,0.92675
WFG9,22,2,221,2000,1.9073486328125e-06,False,0.2277435337447003,0.2534846785272422,0.11302689634823015,0.3928405242646761,0.48466346206310834,0.86775,0.9235,5.26386022567749,0.6245981678366661,0.7858225256204605,0.21720156444080707,52,0.967
ZDT1,30,2,301,2000,2.9802322387695312e-08,True,0.0013073447006505382,0.007495297017889355,4.7332217082148835,0.9998335965734486,0.9971860007233968,0.97275,0.93525,7.162298679351807,0.006397123637725599,0.03894131342531182,0.0012883069528525205,2,0.99875
ZDT3,30,2,301,2000,2.9802322387695312e-08,True,0.0019210399732651584,0.005294885397154786,1.7562598752982534,0.9996581167738333,0.9986587662148041,0.9922500000000001,0.8987499999999999,6.286049842834473,0.016392310200899374,0.02597689793765312,0.0019210399732651584,1,0.99475
ZDT4,10,2,101,2000,2.384185791015625e-07,True,0.07692258545903116,0.07744807025466999,0.0068313459889968176,0.9999999077862429,0.5253010506060346,0.83575,0.99575,241.49227905273438,14.839951814320557,20.607484964537434,0.06908770116956439,13,0.99575
ZDT6,10,2,101,2000,2.9802322387695312e-08,True,0.05210873958827151,0.018641111125486352,-0.6422651694749101,0.9933574940859977,0.5229595675604396,0.8280000000000001,1.0,10.049020767211914,0.080861353315413,0.5015714361798018,0.005445254021051217,18,1.0
