label,exp,tier,dist,problema,D,M,N,Nmin,obj,n_folhas,n_gps,folhas_sem_gp,n_nan,nan_share,mu_dist_nan,mu_dist_gp,pred_dist,casa_nan,dmax_nan,dmed_nan,casa_gp,dmed_gp,escala,tolabs,mu_dist_le_folhas_sem_gp
BBOB_F1,off,small,lhs,BBOB_F1,10,2,309,100,0,3,1,2,12985,0.64925,2,7014,3,1.0,3.3187866250727893e-06,3.3187866250727893e-06,0.0,27.589599503411193,268.0382995605469,0.00012865837197750807,True
BBOB_F1,off,small,lhs,BBOB_F1,10,2,309,100,1,3,3,0,0,0.0,0,19988,3,,,,0.0,18.130687713623047,238.47911071777344,0.00011446997086750343,True
BBOB_F17,off,small,lhs,BBOB_F17,10,2,309,100,0,3,3,0,0,0.0,0,19974,3,,,,5e-05,4267719.5,74966544.0,35.98394012451172,True
BBOB_F17,off,small,lhs,BBOB_F17,10,2,309,100,1,2,2,0,0,0.0,0,12678,2,,,,0.0,73.80541038513184,3310.786865234375,0.001589177642017603,True
BBOB_F22,off,small,lhs,BBOB_F22,10,2,309,100,0,2,2,0,0,0.0,0,10870,2,,,,0.0,26839.53125,2329009.5,1.1179245710372925,True
BBOB_F22,off,small,lhs,BBOB_F22,10,2,309,100,1,2,2,0,0,0.0,0,11758,2,,,,0.0,31.87646484375,3398.910400390625,0.001631476916372776,True
BBOB_F37,off,small,lhs,BBOB_F37,10,2,309,100,0,3,2,1,6602,0.3301,1,6790,3,1.0,9.574142177370959e-05,9.574142177370959e-05,0.0,2.962275041852763,3360.8798828125,0.0016132222954183817,True
BBOB_F37,off,small,lhs,BBOB_F37,10,2,309,100,1,2,2,0,0,0.0,0,19970,2,,,,0.0,164.13501012851043,7227.873046875,0.0034693789202719927,True
BBOB_F49,off,small,lhs,BBOB_F49,10,2,309,100,0,3,2,1,7086,0.3543,1,6442,3,1.0,6.103515625e-05,6.103515625e-05,0.0,2823.243479614258,16451.91015625,0.007896916940808296,True
BBOB_F49,off,small,lhs,BBOB_F49,10,2,309,100,1,2,2,0,0,0.0,0,19639,2,,,,0.0,0.59014892578125,85.90257263183594,4.123323378735222e-05,True
BBOB_F5,off,small,lhs,BBOB_F5,10,2,309,100,0,3,1,2,14016,0.7008,2,5981,3,1.0,6.6144750690000365e-06,6.6144750690000365e-06,0.0,17.223326950073243,219.30494689941406,0.00010526637197472155,True
BBOB_F5,off,small,lhs,BBOB_F5,10,2,309,100,1,2,2,0,0,0.0,0,11333,2,,,,0.0,19.26861572265625,3157.87890625,0.0015157818561419845,True
BBOB_F55,off,small,lhs,BBOB_F55,10,2,309,100,0,2,1,1,12189,0.60945,1,7773,2,1.0,2.2928765446295074e-06,2.2928765446295074e-06,0.0,1.7884409250306703,86.11051177978516,4.133304537390359e-05,True
BBOB_F55,off,small,lhs,BBOB_F55,10,2,309,100,1,3,1,2,13665,0.68325,2,6292,3,1.0,3.565137632222104e-06,3.565137632222104e-06,0.0,0.637147469095666,86.21410369873047,4.138276926823892e-05,True
DTLZ1,off,small,lhs,DTLZ1,7,3,216,70,0,3,3,0,0,0.0,0,19998,3,,,,0.0,25.709894754759738,297.230224609375,0.00014267049846239388,True
DTLZ1,off,small,lhs,DTLZ1,7,3,216,70,1,3,3,0,0,0.0,0,19998,3,,,,0.0,25.767853891345815,324.5181579589844,0.00015576870646327734,True
DTLZ1,off,small,lhs,DTLZ1,7,3,216,70,2,2,2,0,0,0.0,0,19988,2,,,,0.0,33.15221843203548,410.5584716796875,0.00019706806051544845,True
DTLZ2,off,small,lhs,DTLZ2,12,3,371,120,0,2,2,0,0,0.0,0,19998,2,,,,0.0,0.28746798634529114,2.0784571170806885,9.9765941286023e-07,True
DTLZ2,off,small,lhs,DTLZ2,12,3,371,120,1,3,3,0,0,0.0,0,19995,3,,,,0.0,0.21846237147382147,2.1773860454559326,1.0451452681081719e-06,True
DTLZ2,off,small,lhs,DTLZ2,12,3,371,120,2,2,2,0,0,0.0,0,19989,2,,,,0.0,0.233045756816864,2.3540968894958496,1.129966449298081e-06,True
DTLZ3,off,small,lhs,DTLZ3,12,3,371,120,0,2,2,0,0,0.0,0,19992,2,,,,0.0,166.95520517801202,1502.2705078125,0.0007210898329503834,True
DTLZ3,off,small,lhs,DTLZ3,12,3,371,120,1,2,2,0,0,0.0,0,19992,2,,,,5e-05,205.23048203760072,1481.38232421875,0.0007110635051503778,True
DTLZ3,off,small,lhs,DTLZ3,12,3,371,120,2,2,2,0,0,0.0,0,8231,2,,,,0.0,1.1619321222174221,1618.974853515625,0.0007771078962832689,True
DTLZ4,off,small,lhs,DTLZ4,12,3,371,120,0,3,1,2,13520,0.676,2,6477,3,1.0,4.384143292845977e-08,3.347030053113542e-08,0.0,0.1647217869758606,2.739108085632324,1.3147717936590197e-06,True
DTLZ4,off,small,lhs,DTLZ4,12,3,371,120,1,2,1,1,13514,0.6757,1,6485,2,1.0,1.2008608222680604e-26,1.2008608222680604e-26,0.0,0.0764116711964702,1.6711305379867554,8.021426083359984e-07,True
DTLZ4,off,small,lhs,DTLZ4,12,3,371,120,2,2,1,1,13546,0.6773,1,6454,2,1.0,6.3830374886061985e-27,6.3830374886061985e-27,0.0,0.0788189846680624,1.9099067449569702,9.167551979771815e-07,True
DTLZ7,off,small,lhs,DTLZ7,22,3,681,220,0,2,2,0,0,0.0,0,19999,2,,,,0.0,0.12499916780729103,0.9992343783378601,4.796324901690241e-07,True
DTLZ7,off,small,lhs,DTLZ7,22,3,681,220,1,2,2,0,0,0.0,0,20000,2,,,,0.0,0.12499243174318303,0.9999024271965027,4.799531438948179e-07,True
DTLZ7,off,small,lhs,DTLZ7,22,3,681,220,2,3,1,2,13592,0.6796,2,6401,3,1.0,6.498488716033535e-07,2.1283718609765856e-07,0.0,1.2372514707548135,23.828346252441406,1.1437606190156657e-05,True
MMF1,off,small,lhs,MMF1,2,2,61,20,0,3,3,0,0,0.0,0,20000,3,,,,0.0,0.12492796444733227,0.9959651827812195,4.780632707479526e-07,True
MMF1,off,small,lhs,MMF1,2,2,61,20,1,2,2,0,0,0.0,0,11185,2,,,,0.0,0.238457744174144,7.531711578369141,3.6152214306639507e-06,True
MMF11_L,off,small,lhs,MMF11_L,2,2,61,20,0,2,2,0,0,0.0,0,20000,2,,,,0.0,0.1250041127204895,1.0936802625656128,5.249664809525711e-07,True
MMF11_L,off,small,lhs,MMF11_L,2,2,61,20,1,3,3,0,0,0.0,0,19987,3,,,,0.0,0.5757849216461182,18.534046173095703,8.89634156919783e-06,True
MMF16_20,off,small,lhs,MMF16_20,20,3,619,200,0,2,2,0,0,0.0,0,19996,2,,,,0.0001,0.4352213827807789,2.9759459495544434,1.4284539702202892e-06,True
MMF16_20,off,small,lhs,MMF16_20,20,3,619,200,1,2,2,0,0,0.0,0,19994,2,,,,0.0,0.4209845382720232,2.9506778717041016,1.4163252899379586e-06,True
MMF16_20,off,small,lhs,MMF16_20,20,3,619,200,2,2,2,0,0,0.0,0,19988,2,,,,0.0,0.3579493761062622,2.993243932723999,1.4367570884132874e-06,True
MMF4,off,small,lhs,MMF4,2,2,61,20,0,3,3,0,0,0.0,0,20000,3,,,,0.0,0.12502571377193644,0.9820079207420349,4.713637906661461e-07,True
MMF4,off,small,lhs,MMF4,2,2,61,20,1,3,3,0,0,0.0,0,19985,3,,,,0.0,0.2971133098006249,2.6313908100128174,1.2630675882974174e-06,True
WFG1,off,small,lhs,WFG1,22,2,681,220,0,3,2,1,6621,0.33105,1,13379,3,1.0,1.15026507430116e-07,1.15026507430116e-07,0.0,2.8760688890670907,2.98358416557312,1.4321203707368113e-06,True
WFG1,off,small,lhs,WFG1,22,2,681,220,1,3,2,1,6473,0.32365,1,13527,3,1.0,2.7363950660941327e-08,2.7363950660941327e-08,0.0,0.9818063052992027,1.3307163715362549,6.387438133970136e-07,True
WFG2,off,small,lhs,WFG2,22,2,681,220,0,2,1,1,11225,0.56125,1,8774,2,1.0,1.1312399905705206e-08,1.1312399905705206e-08,0.0,1.5225413786527704,2.518686056137085,1.2089692518202355e-06,True
WFG2,off,small,lhs,WFG2,22,2,681,220,1,2,1,1,12031,0.60155,1,7969,2,1.0,7.734066098663561e-08,7.734066098663561e-08,0.0,3.203370359550983,4.674936771392822,2.243969674964319e-06,True
WFG4,off,small,lhs,WFG4,22,2,681,220,0,3,2,1,7064,0.3532,1,12935,3,1.0,1.842550223507544e-08,1.842550223507544e-08,0.0,1.3877008081837134,2.4069106578826904,1.1553170224942733e-06,True
WFG4,off,small,lhs,WFG4,22,2,681,220,1,3,2,1,7064,0.3532,1,12935,3,1.0,9.002527256996018e-08,9.002527256996018e-08,0.0,3.5997430297461253,4.44366979598999,2.1329615265130997e-06,True
WFG5,off,small,lhs,WFG5,22,2,681,220,0,3,1,2,13547,0.67735,2,6453,3,1.0,6.014162345913121e-08,2.3941614468725447e-08,0.0,1.8965645771134982,2.6008667945861816,1.2484159697123687e-06,True
WFG5,off,small,lhs,WFG5,22,2,681,220,1,3,1,2,13534,0.6767,2,6465,3,1.0,9.139378853717517e-08,9.139378853717517e-08,0.0,3.2090700022198937,4.617387771606445,2.2163460471347207e-06,True
WFG9,off,small,lhs,WFG9,22,2,681,220,0,3,1,2,12822,0.6411,2,7178,3,1.0,1.1179182246578989e-07,9.347688800787068e-08,0.0,1.8532446128312157,2.891812801361084,1.3880701317248167e-06,True
WFG9,off,small,lhs,WFG9,22,2,681,220,1,3,1,2,12822,0.6411,2,7178,3,1.0,2.9669867451787013e-08,8.40241698440991e-09,0.0,3.628789504022057,4.9115071296691895,2.3575232717121253e-06,True
ZDT1,off,small,lhs,ZDT1,30,2,929,300,0,2,2,0,0,0.0,0,20000,2,,,,0.0,0.12500064447958442,0.9994891285896301,4.797547603629937e-07,True
ZDT1,off,small,lhs,ZDT1,30,2,929,300,1,3,2,1,6461,0.32305,1,13523,3,1.0,1.088778178726102e-07,1.088778178726102e-07,0.0,0.32942663379973425,6.486356258392334,3.113450929959072e-06,True
ZDT3,off,small,lhs,ZDT3,30,2,929,300,0,2,2,0,0,0.0,0,20000,2,,,,0.0,0.1249910295009613,0.9999269843101501,4.799649104825221e-07,True
ZDT3,off,small,lhs,ZDT3,30,2,929,300,1,2,2,0,0,0.0,0,19978,2,,,,0.0,0.37306812075420726,6.338726043701172,3.0425883323914604e-06,True
ZDT4,off,small,lhs,ZDT4,10,2,309,100,0,2,2,0,0,0.0,0,20000,2,,,,0.0,0.12501677450307253,0.9991977214813232,4.796148687091772e-07,True
ZDT4,off,small,lhs,ZDT4,10,2,309,100,1,3,1,2,13350,0.6675,2,6645,3,1.0,6.0738869080978475e-06,6.0738869080978475e-06,0.0,8.25275206334382,259.6029968261719,0.00012460943253245205,True
ZDT6,off,small,lhs,ZDT6,10,2,309,100,0,3,1,2,13519,0.67595,2,6471,3,1.0,2.0861625649182258e-08,2.077960092883302e-08,0.00015429717636167257,0.04222555190324784,1.0,4.799999828719592e-07,True
ZDT6,off,small,lhs,ZDT6,10,2,309,100,1,2,1,1,9051,0.45255,1,10911,2,1.0,4.1552952367851503e-07,4.1552952367851503e-07,0.0,0.264007469606117,9.229262351989746,4.430045919434633e-06,True
swap_big-lhs_DTLZ2,sweep-big-lhs,big,lhs,DTLZ2,12,3,50000,120,0,323,93,230,13835,0.69175,230,6163,323,1.0,6.155889531456182e-08,1.0714058029659412e-08,0.0,0.04391862355610904,2.6510653495788574,1.2725113265332766e-06,True
swap_big-lhs_DTLZ2,sweep-big-lhs,big,lhs,DTLZ2,12,3,50000,120,1,324,96,228,13942,0.6971,228,6057,324,1.0,6.128364882229675e-08,1.0607606348855825e-08,0.0,0.03980370652804757,2.6156952381134033,1.2555336752484436e-06,True
swap_big-lhs_DTLZ2,sweep-big-lhs,big,lhs,DTLZ2,12,3,50000,120,2,327,49,278,16929,0.84645,278,3071,327,1.0,1.1632519392179574e-07,2.561521927901822e-08,0.00032562683165092806,0.03451310070055835,2.8379507064819336,1.3622162668980309e-06,True
swap_big-lhs_MMF16_20,sweep-big-lhs,big,lhs,MMF16_20,20,3,50000,200,0,189,42,147,15426,0.7713,147,4574,189,1.0,1.173962203004919e-07,1.908523106219917e-08,0.00021862702229995628,0.04899602057342234,2.9952456951141357,1.4377178558788728e-06,True
swap_big-lhs_MMF16_20,sweep-big-lhs,big,lhs,MMF16_20,20,3,50000,200,1,184,39,145,15684,0.7842,145,4316,184,1.0,1.1145252054589605e-07,1.4041478868520585e-08,0.0,0.05620668968583786,2.996781826019287,1.4384552287083352e-06,True
swap_big-lhs_MMF16_20,sweep-big-lhs,big,lhs,MMF16_20,20,3,50000,200,2,188,26,162,17094,0.8547,162,2906,188,1.0,1.158226621278402e-07,3.4337458432176504e-08,0.0,0.044597793264235075,2.9999687671661377,1.4399849987967173e-06,True
swap_big-lhs_WFG9,sweep-big-lhs,big,lhs,WFG9,22,2,50000,220,0,169,1,168,19895,0.99475,168,105,169,1.0,1.248730794323194e-07,3.9409649987831585e-08,0.0,1.3997950716231897,2.9538931846618652,1.4178687024468672e-06,True
swap_big-lhs_WFG9,sweep-big-lhs,big,lhs,WFG9,22,2,50000,220,1,173,1,172,19900,0.995,172,100,173,1.0,2.4162600364974196e-07,6.036297373057664e-08,0.0,3.0840285845068904,4.939378261566162,2.370901484027854e-06,True
swap_big-lhs_ZDT1,sweep-big-lhs,big,lhs,ZDT1,30,2,50000,300,0,128,16,112,17497,0.87485,112,2503,128,1.0,3.0183426202867736e-08,9.322777771991753e-09,0.00039952057530962844,0.001959641456908884,0.9999977946281433,4.799989028470009e-07,True
swap_big-lhs_ZDT1,sweep-big-lhs,big,lhs,ZDT1,30,2,50000,300,1,124,3,121,19499,0.97495,121,501,124,1.0,2.491981421215428e-07,7.86781311212792e-08,0.0,0.2925940677189507,7.071417331695557,3.3942801564990077e-06,True
swap_big-lhs_ZDT4,sweep-big-lhs,big,lhs,ZDT4,10,2,50000,100,0,256,48,208,16247,0.81235,208,3753,256,1.0,2.995515480108679e-08,1.008693983894915e-08,0.0002664535038635758,0.0009781790849490157,0.9999876022338867,4.799940143129788e-07,True
swap_big-lhs_ZDT4,sweep-big-lhs,big,lhs,ZDT4,10,2,50000,100,1,393,3,390,19875,0.99375,390,125,393,1.0,8.138020831438553e-06,3.4636514953945152e-06,0.0,3.3584171901239444,286.77801513671875,0.00013765344920102507,True
swap_big-mvns_DTLZ2,sweep-big-mvns,big,mvns,DTLZ2,12,3,50000,120,0,330,44,286,12190,0.6095,283,7807,327,1.0,1.1024618506993988e-07,1.3922252684039904e-08,0.0,0.052453285904432906,3.033417224884033,1.456040195080277e-06,True
swap_big-mvns_DTLZ2,sweep-big-mvns,big,mvns,DTLZ2,12,3,50000,120,1,298,53,245,12388,0.6194,222,7610,272,0.9995963835970294,2.5868705051834695e-05,1.1482659489914226e-08,0.0007882291119285339,0.054199013859033585,2.9553232192993164,1.4185551435730304e-06,True
swap_big-mvns_DTLZ2,sweep-big-mvns,big,mvns,DTLZ2,12,3,50000,120,2,296,28,268,13230,0.6615,248,6767,274,1.0,7.360064273598255e-07,1.7530777940422126e-08,0.0004431314623338257,0.08725397340505414,3.1389307975769043,1.5066867717905552e-06,True
swap_big-mvns_WFG9,sweep-big-mvns,big,mvns,WFG9,22,2,50000,220,0,172,5,167,19767,0.98835,163,233,168,1.0,1.2243116209731397e-07,5.008019132723973e-08,0.0,2.115921028729143,2.966940402984619,1.424131369276438e-06,True
swap_big-mvns_WFG9,sweep-big-mvns,big,mvns,WFG9,22,2,50000,220,1,177,5,172,19657,0.98285,166,343,171,1.0,2.2974881286330628e-07,7.388256362261814e-08,0.0,2.8527693350230696,4.955193996429443,2.378493036303553e-06,True
swap_big-mvns_ZDT1,sweep-big-mvns,big,mvns,ZDT1,30,2,50000,300,0,121,59,62,8330,0.4165,57,11670,114,0.9998799519807923,3.846856088784989e-06,5.734557606551505e-09,8.568980291345329e-05,0.0025163239922401954,1.0,4.799999828719592e-07,True
swap_big-mvns_ZDT1,sweep-big-mvns,big,mvns,ZDT1,30,2,50000,300,1,124,14,110,19344,0.9672,110,656,124,1.0,2.355886845606392e-07,5.0067901824490946e-08,0.0,1.198662767864894,5.8949713706970215,2.8295862648519687e-06,True
swap_big-mvns_ZDT4,sweep-big-mvns,big,mvns,ZDT4,10,2,50000,100,0,352,28,324,18128,0.9064,293,1872,318,0.9998345101500441,1.7964553990168497e-05,8.3655641303082e-09,0.0016025641025641025,0.0008619044412738466,1.0,4.799999828719592e-07,True
swap_big-mvns_ZDT4,sweep-big-mvns,big,mvns,ZDT4,10,2,50000,100,1,379,7,372,18658,0.9329,365,1342,372,1.0,7.915496837540559e-06,3.6954879760742188e-06,0.0,4.214485168457031,269.0064697265625,0.0001291231019422412,True
swap_medium-lhs_DTLZ2,sweep-medium-lhs,medium,lhs,DTLZ2,12,3,2000,120,0,10,10,0,0,0.0,0,19993,10,,,,0.0,0.12219667788279254,2.2766172885894775,1.0927763014478842e-06,True
swap_medium-lhs_DTLZ2,sweep-medium-lhs,medium,lhs,DTLZ2,12,3,2000,120,1,12,12,0,0,0.0,0,19994,12,,,,5e-05,0.1131668511749096,2.2846994400024414,1.0966556374114589e-06,True
swap_medium-lhs_DTLZ2,sweep-medium-lhs,medium,lhs,DTLZ2,12,3,2000,120,2,11,11,0,0,0.0,0,19989,11,,,,0.0,0.10405300147958385,2.620628595352173,1.2579016583913472e-06,True
swap_medium-lhs_MMF16_20,sweep-medium-lhs,medium,lhs,MMF16_20,20,3,2000,200,0,8,8,0,0,0.0,0,19995,8,,,,0.0,0.18316263280400646,2.983360528945923,1.432013050362002e-06,True
swap_medium-lhs_MMF16_20,sweep-medium-lhs,medium,lhs,MMF16_20,20,3,2000,200,1,7,7,0,0,0.0,0,19989,7,,,,0.0,0.19425002243877332,2.9900641441345215,1.435230728930037e-06,True
swap_medium-lhs_MMF16_20,sweep-medium-lhs,medium,lhs,MMF16_20,20,3,2000,200,2,7,5,2,4542,0.2271,2,15448,7,1.0,4.6026752631433965e-08,4.6026752631433965e-08,0.0,0.19363170294534582,2.9951815605163574,1.4376870467458502e-06,True
swap_medium-lhs_WFG9,sweep-medium-lhs,medium,lhs,WFG9,22,2,2000,220,0,7,2,5,13785,0.68925,5,6215,7,1.0,4.967053723881065e-08,4.080461346589459e-08,0.0,1.9159132044534295,2.878847122192383,1.3818465731674223e-06,True
swap_medium-lhs_WFG9,sweep-medium-lhs,medium,lhs,WFG9,22,2,2000,220,1,8,2,6,14814,0.7407,6,5186,8,1.0,8.529630202147587e-08,4.438253542460302e-08,0.0,3.1998582673242506,4.921010971069336,2.362085069762543e-06,True
swap_medium-lhs_ZDT1,sweep-medium-lhs,medium,lhs,ZDT1,30,2,2000,300,0,4,3,1,4989,0.24945,1,15011,4,1.0,1.7081090541992694e-08,1.7081090541992694e-08,6.661781360335754e-05,0.06255525279045104,0.9997218251228333,4.798664576810552e-07,True
swap_medium-lhs_ZDT1,sweep-medium-lhs,medium,lhs,ZDT1,30,2,2000,300,1,5,2,3,12721,0.63605,3,7275,5,1.0,1.0264422689587605e-07,1.0205206457669647e-07,0.0,0.3252670209548052,6.624014377593994,3.1795268569112523e-06,True
swap_medium-lhs_ZDT4,sweep-medium-lhs,medium,lhs,ZDT4,10,2,2000,100,0,16,5,11,13732,0.6866,11,6268,16,1.0,1.4901161193847656e-08,8.652287109001122e-09,0.0001595405232929164,0.0156630277633667,0.9996675252914429,4.798404233952169e-07,True
swap_medium-lhs_ZDT4,sweep-medium-lhs,medium,lhs,ZDT4,10,2,2000,100,1,15,5,10,13381,0.66905,10,6481,15,1.0,6.646466403026352e-06,4.24870472670591e-06,0.0,1.7978182572584842,255.72100830078125,0.0001227460743393749,True
swap_medium-mvns_DTLZ2,sweep-medium-mvns,medium,mvns,DTLZ2,12,3,2000,120,0,14,12,2,1434,0.0717,2,18556,14,1.0,8.494554171178947e-08,3.0874348411202845e-08,0.0,0.15974772822074246,2.748216152191162,1.3191437346904422e-06,True
swap_medium-mvns_DTLZ2,sweep-medium-mvns,medium,mvns,DTLZ2,12,3,2000,120,1,13,10,3,1324,0.0662,3,18674,13,1.0,2.527236930838228e-08,2.527236930838228e-08,0.0,0.1531970500946045,2.9826810359954834,1.4316868828245788e-06,True
swap_medium-mvns_DTLZ2,sweep-medium-mvns,medium,mvns,DTLZ2,12,3,2000,120,2,12,10,2,414,0.0207,2,19571,12,1.0,6.911702113421292e-10,6.911702113421292e-10,0.0,0.12762176828969485,2.5930287837982178,1.2446537311916472e-06,True
swap_medium-mvns_MMF16_20,sweep-medium-mvns,medium,mvns,MMF16_20,20,3,2000,200,0,8,8,0,0,0.0,0,19994,8,,,,0.0,0.2901051351682288,3.0,1.4400000054592965e-06,True
swap_medium-mvns_MMF16_20,sweep-medium-mvns,medium,mvns,MMF16_20,20,3,2000,200,1,8,8,0,0,0.0,0,19997,8,,,,0.0,0.23737776279449463,2.991093873977661,1.4357250393004506e-06,True
swap_medium-mvns_MMF16_20,sweep-medium-mvns,medium,mvns,MMF16_20,20,3,2000,200,2,8,8,0,0,0.0,0,19990,8,,,,0.0,0.1634168223636907,3.0,1.4400000054592965e-06,True
swap_medium-mvns_WFG9,sweep-medium-mvns,medium,mvns,WFG9,22,2,2000,220,0,8,2,6,16728,0.8364,6,3272,8,1.0,9.169945336395813e-08,3.684650762281194e-08,0.0,2.4368741458384835,2.9164814949035645,1.399911070620874e-06,True
swap_medium-mvns_WFG9,sweep-medium-mvns,medium,mvns,WFG9,22,2,2000,220,1,7,1,6,19217,0.96085,6,783,7,1.0,1.0599377997522197e-07,2.709302027170679e-08,0.0,3.0679642215416703,4.926865100860596,2.3648951810173457e-06,True
swap_medium-mvns_ZDT1,sweep-medium-mvns,medium,mvns,ZDT1,30,2,2000,300,0,5,5,0,0,0.0,0,19993,5,,,,5e-05,0.06416844867566632,1.0,4.799999828719592e-07,True
swap_medium-mvns_ZDT1,sweep-medium-mvns,medium,mvns,ZDT1,30,2,2000,300,1,5,5,0,0,0.0,0,19966,5,,,,0.0,1.2327811127346577,5.361171722412109,2.573362280600122e-06,True
swap_medium-mvns_ZDT4,sweep-medium-mvns,medium,mvns,ZDT4,10,2,2000,100,0,14,7,7,8242,0.4121,7,11749,14,1.0,1.3482002958475903e-08,2.6296166355521677e-09,0.0008504847763225039,0.024532456318992084,1.0,4.799999828719592e-07,True
swap_medium-mvns_ZDT4,sweep-medium-mvns,medium,mvns,ZDT4,10,2,2000,100,1,15,4,11,10867,0.54335,11,9116,15,1.0,6.474675359413595e-06,4.738255540814862e-06,0.0,6.88513425680307,250.52964782714844,0.0001202542262035422,True
swap_small-lhs_DTLZ2,sweep-small-lhs,small,lhs,DTLZ2,12,3,371,120,0,2,2,0,0,0.0,0,19998,2,,,,0.0,0.28746798634529114,2.0784571170806885,9.9765941286023e-07,True
swap_small-lhs_DTLZ2,sweep-small-lhs,small,lhs,DTLZ2,12,3,371,120,1,3,3,0,0,0.0,0,19995,3,,,,0.0,0.21846237147382147,2.1773860454559326,1.0451452681081719e-06,True
swap_small-lhs_DTLZ2,sweep-small-lhs,small,lhs,DTLZ2,12,3,371,120,2,2,2,0,0,0.0,0,19989,2,,,,0.0,0.233045756816864,2.3540968894958496,1.129966449298081e-06,True
swap_small-lhs_MMF16_20,sweep-small-lhs,small,lhs,MMF16_20,20,3,619,200,0,2,2,0,0,0.0,0,19996,2,,,,0.0001,0.4352213827807789,2.9759459495544434,1.4284539702202892e-06,True
swap_small-lhs_MMF16_20,sweep-small-lhs,small,lhs,MMF16_20,20,3,619,200,1,2,2,0,0,0.0,0,19994,2,,,,0.0,0.4209845382720232,2.9506778717041016,1.4163252899379586e-06,True
swap_small-lhs_MMF16_20,sweep-small-lhs,small,lhs,MMF16_20,20,3,619,200,2,2,2,0,0,0.0,0,19988,2,,,,0.0,0.3579493761062622,2.993243932723999,1.4367570884132874e-06,True
swap_small-lhs_WFG9,sweep-small-lhs,small,lhs,WFG9,22,2,681,220,0,3,1,2,12822,0.6411,2,7178,3,1.0,1.1179182246578989e-07,9.347688800787068e-08,0.0,1.8532446128312157,2.891812801361084,1.3880701317248167e-06,True
swap_small-lhs_WFG9,sweep-small-lhs,small,lhs,WFG9,22,2,681,220,1,3,1,2,12822,0.6411,2,7178,3,1.0,2.9669867451787013e-08,8.40241698440991e-09,0.0,3.628789504022057,4.9115071296691895,2.3575232717121253e-06,True
swap_small-lhs_ZDT1,sweep-small-lhs,small,lhs,ZDT1,30,2,929,300,0,2,2,0,0,0.0,0,20000,2,,,,0.0,0.12500064447958442,0.9994891285896301,4.797547603629937e-07,True
swap_small-lhs_ZDT1,sweep-small-lhs,small,lhs,ZDT1,30,2,929,300,1,3,2,1,6461,0.32305,1,13523,3,1.0,1.088778178726102e-07,1.088778178726102e-07,0.0,0.32942663379973425,6.486356258392334,3.113450929959072e-06,True
swap_small-lhs_ZDT4,sweep-small-lhs,small,lhs,ZDT4,10,2,309,100,0,2,2,0,0,0.0,0,20000,2,,,,0.0,0.12501677450307253,0.9991977214813232,4.796148687091772e-07,True
swap_small-lhs_ZDT4,sweep-small-lhs,small,lhs,ZDT4,10,2,309,100,1,3,1,2,13350,0.6675,2,6645,3,1.0,6.0738869080978475e-06,6.0738869080978475e-06,0.0,8.25275206334382,259.6029968261719,0.00012460943253245205,True
swap_small-mvns_DTLZ2,sweep-small-mvns,small,mvns,DTLZ2,12,3,371,120,0,3,3,0,0,0.0,0,19995,3,,,,0.0,0.32684970042836947,2.878926992416382,1.3818848856317345e-06,True
swap_small-mvns_DTLZ2,sweep-small-mvns,small,mvns,DTLZ2,12,3,371,120,1,2,2,0,0,0.0,0,19990,2,,,,0.0,0.25436995102341226,2.545930862426758,1.2220467624501907e-06,True
swap_small-mvns_DTLZ2,sweep-small-mvns,small,mvns,DTLZ2,12,3,371,120,2,2,2,0,0,0.0,0,19991,2,,,,0.0,0.22856348752975464,2.416848659515381,1.1600873222050723e-06,True
swap_small-mvns_MMF16_20,sweep-small-mvns,small,mvns,MMF16_20,20,3,619,200,0,3,3,0,0,0.0,0,19996,3,,,,0.0,0.5290433189846906,3.0,1.4400000054592965e-06,True
swap_small-mvns_MMF16_20,sweep-small-mvns,small,mvns,MMF16_20,20,3,619,200,1,2,2,0,0,0.0,0,20000,2,,,,0.0,0.40009307837260244,3.0,1.4400000054592965e-06,True
swap_small-mvns_MMF16_20,sweep-small-mvns,small,mvns,MMF16_20,20,3,619,200,2,2,2,0,0,0.0,0,19987,2,,,,0.0,0.38316529989242554,3.0,1.4400000054592965e-06,True
swap_small-mvns_WFG9,sweep-small-mvns,small,mvns,WFG9,22,2,681,220,0,3,2,1,11250,0.5625,1,8749,3,1.0,4.8378657968584093e-08,4.8378657968584093e-08,0.0,2.501616577980882,2.9359729290008545,1.4092669289311743e-06,True
swap_small-mvns_WFG9,sweep-small-mvns,small,mvns,WFG9,22,2,681,220,1,3,1,2,16629,0.83145,2,3371,3,1.0,7.80278988088412e-08,7.617523056779874e-08,0.0,3.210597115484151,4.912232875823975,2.3578716081829043e-06,True
swap_small-mvns_ZDT1,sweep-small-mvns,small,mvns,ZDT1,30,2,929,300,0,2,2,0,0,0.0,0,20000,2,,,,0.0,0.12607943481767536,1.0,4.799999828719592e-07,True
swap_small-mvns_ZDT1,sweep-small-mvns,small,mvns,ZDT1,30,2,929,300,1,3,3,0,0,0.0,0,19984,3,,,,0.0,1.2293425693183977,5.140364170074463,2.467374770276365e-06,True
swap_small-mvns_ZDT4,sweep-small-mvns,small,mvns,ZDT4,10,2,309,100,0,2,2,0,0,0.0,0,20000,2,,,,0.0,0.1259194846886358,1.0,4.799999828719592e-07,True
swap_small-mvns_ZDT4,sweep-small-mvns,small,mvns,ZDT4,10,2,309,100,1,2,1,1,3649,0.18245,1,16236,2,1.0,1.1349512476499513e-06,1.1349512476499513e-06,0.0,7.43267241944659,239.40855407714844,0.0001149161034845747,True
