problema,geracao,n_front_log,weak,strict,eim_best,eim_lo,eim_hi,dentro,larg_rel,rel_hi,uniq,top_tie,n_sub,n_lin
DTLZ4,1,23,7,74,0.4897341316656362,0.4897341332500984,0.4897341332500984,False,0.0,3.235351848357267e-09,371,9,38,371
DTLZ4,2,23,7,74,0.054543293946366464,0.05454329371305151,0.05454329371305151,False,0.0,4.277610203047328e-09,371,9,38,371
DTLZ4,3,24,8,75,0.3390280270567801,0.33902802389132636,0.33902802389132636,False,0.0,9.336849699265528e-09,371,9,38,371
DTLZ4,4,24,8,75,0.5455994042629914,0.5455994078589129,0.5455994078589129,False,0.0,6.5907725199497314e-09,371,9,38,371
DTLZ4,5,24,8,76,0.3588200614494943,0.3588200619881685,0.3588200619881685,False,0.0,1.5012377350579492e-09,371,9,38,371
DTLZ4,6,24,8,76,0.09239744512481039,0.09239744796815165,0.09239744796815165,False,0.0,3.077294240165895e-08,371,9,38,371
DTLZ4,7,25,8,77,0.12993875909040092,0.129938757504879,0.129938757504879,False,0.0,1.2202070783683437e-08,371,9,38,371
DTLZ4,8,26,9,78,0.08480306617761446,0.08480306841373943,0.08480306841373943,False,0.0,2.6368444757237288e-08,371,9,38,371
DTLZ4,9,27,9,79,0.06633817921463896,0.06633818136258902,0.06633818136258902,False,0.0,3.237879141753877e-08,371,9,38,371
DTLZ4,10,27,9,79,0.23537189149947174,0.23537189856242383,0.23537189856242383,False,0.0,3.0007627670860864e-08,371,9,38,371
DTLZ4,11,27,9,80,0.12269778940630706,0.12269779336632698,0.12269779336632698,False,0.0,3.227458247006279e-08,371,9,38,371
DTLZ4,12,27,9,80,0.19236266243691028,0.19236266721593517,0.19236266721593517,False,0.0,2.4843827993937112e-08,371,9,38,371
DTLZ4,13,27,9,80,0.22789832554680742,0.2278983216090125,0.2278983216090125,False,0.0,1.7278735655567694e-08,371,9,38,371
DTLZ4,14,28,9,81,0.20384606827137544,0.20384607393847293,0.20384607393847293,False,0.0,2.7800867261193464e-08,371,9,38,371
DTLZ4,15,28,9,82,0.4490365267539298,0.4490365305509311,0.4490365305509311,False,0.0,8.45588520808438e-09,371,9,38,371
DTLZ4,16,29,9,83,0.3986394159642042,0.3986394172748717,0.3986394172748717,False,0.0,3.2878521565154997e-09,371,9,38,371
DTLZ4,17,29,9,84,0.1919218845409304,0.19192188720838557,0.19192188720838557,False,0.0,1.3898650379508118e-08,371,9,38,371
DTLZ4,18,29,9,85,0.19579838883363285,0.19579839323862963,0.19579839323862963,False,0.0,2.2497615073558873e-08,371,9,38,371
DTLZ4,19,29,9,85,0.21530345919225408,0.21530346657437768,0.21530346657437768,False,0.0,3.428706456711118e-08,371,9,38,371
DTLZ4,20,29,9,85,0.14104556484893366,0.14104555905771218,0.14104555905771218,False,0.0,4.1059224235773185e-08,371,9,38,371
DTLZ4,21,30,9,86,0.26465800218397306,0.26465801648664317,0.26465801648664317,False,0.0,5.404208444785684e-08,371,9,38,371
DTLZ4,22,30,9,87,0.21010420953978717,0.2101042074553779,0.2101042074553779,False,0.0,9.920835420813739e-09,371,9,38,371
DTLZ4,23,30,9,87,0.2049056566759323,0.20490566036571553,0.20490566036571553,False,0.0,1.800722971152837e-08,371,9,38,371
DTLZ4,24,30,9,87,0.2218822116324289,0.22188220961951557,0.22188220961951557,False,0.0,9.071990589981194e-09,371,9,38,371
DTLZ4,25,30,9,88,0.16031567022991408,0.1603156763024588,0.1603156763024588,False,0.0,3.787867217449186e-08,371,9,38,371
DTLZ4,26,30,9,89,0.09540180897506105,0.09540181271681815,0.09540181271681815,False,0.0,3.922102881283635e-08,371,9,38,371
DTLZ4,27,30,9,90,0.37376752598070584,0.3737675260451332,0.3737675260451332,False,0.0,1.7237279288235504e-10,371,9,38,371
DTLZ4,28,30,9,90,0.2995849831038659,0.29958497598066175,0.29958497598066175,False,0.0,2.3776906518640115e-08,371,9,38,371
DTLZ4,29,30,9,90,0.10623031033787414,0.10623030724016173,0.10623030724016173,False,0.0,2.9160344125683065e-08,371,9,38,371
DTLZ4,30,30,9,91,0.16017469961324615,0.160174695387173,0.160174695387173,False,0.0,2.638414910900994e-08,371,9,38,371
DTLZ4,31,31,10,92,0.07930040702262836,0.0793004074222153,0.0793004074222153,False,0.0,5.038901412857201e-09,371,9,38,371
DTLZ4,32,31,10,93,0.12097967540862892,0.1209796760364998,0.1209796760364998,False,0.0,5.189887294430716e-09,371,9,38,371
DTLZ4,33,31,10,93,0.2262949769131744,0.22629497212655275,0.22629497212655275,False,0.0,2.1152133908973518e-08,371,9,38,371
DTLZ4,34,31,10,94,0.035623751573552555,0.03562375178281131,0.03562375178281131,False,0.0,5.874135847942559e-09,371,9,38,371
DTLZ4,35,31,10,95,0.04110094301331953,0.041100945706465795,0.041100945706465795,False,0.0,6.552516976611967e-08,371,9,38,371
DTLZ4,36,31,10,95,0.06767981568375202,0.06767981586978633,0.06767981586978633,False,0.0,2.748741424234681e-09,371,9,38,371
DTLZ4,37,31,10,96,0.04989979519082955,0.049899795884025974,0.049899795884025974,False,0.0,1.3891768918534861e-08,371,9,38,371
DTLZ4,38,31,10,96,0.04920573622822933,0.04920573741037242,0.04920573741037242,False,0.0,2.402449759650049e-08,371,9,38,371
DTLZ4,39,31,10,96,0.1156109945366349,0.1156109965902821,0.1156109965902821,False,0.0,1.7763424706910048e-08,371,9,38,371
DTLZ4,40,31,10,96,0.0972146933889161,0.09721469641965791,0.09721469641965791,False,0.0,3.117575856738117e-08,371,9,38,371
DTLZ4,41,31,10,97,0.08133628395236936,0.08133628068466711,0.08133628068466711,False,0.0,4.01752094992622e-08,371,9,38,371
DTLZ4,42,31,10,97,0.047726182824731185,0.04772618272753346,0.04772618272753346,False,0.0,2.036570208225192e-09,371,9,38,371
DTLZ4,43,31,10,97,0.04721214897258414,0.04721215029005096,0.04721215029005096,False,0.0,2.7905249916976545e-08,371,9,38,371
DTLZ4,44,31,10,98,0.21665592189554236,0.21665592805175743,0.21665592805175743,False,0.0,2.8414709423306145e-08,371,9,38,371
DTLZ4,45,31,10,99,0.13523003337553938,0.13523003902563296,0.13523003902563296,False,0.0,4.178135171902786e-08,371,9,38,371
DTLZ4,46,31,10,99,0.037212860707149555,0.03721286092457821,0.03721286092457821,False,0.0,5.8428364355592055e-09,371,9,38,371
DTLZ4,47,31,10,100,0.151894793992559,0.15189478800024594,0.15189478800024594,False,0.0,3.9450417653636575e-08,371,9,38,371
DTLZ4,48,31,10,101,0.03450662432949142,0.034506625515257884,0.034506625515257884,False,0.0,3.4363444330633346e-08,371,9,38,371
DTLZ4,49,31,10,101,0.11930864179593076,0.11930864539734688,0.11930864539734688,False,0.0,3.0185710518901486e-08,371,9,38,371
DTLZ4,50,31,10,101,0.19404146134016803,0.19404146872140365,0.19404146872140365,False,0.0,3.803947657236366e-08,371,9,38,371
DTLZ4,51,31,10,101,0.12982865003157293,0.1298286489244367,0.1298286489244367,False,0.0,8.527672557400824e-09,371,9,38,371
DTLZ4,52,31,10,102,0.13579268099526723,0.1357926794893884,0.1357926794893884,False,0.0,1.1089543466228181e-08,371,9,38,371
DTLZ4,53,31,10,102,0.04939985028574692,0.04939985196347739,0.04939985196347739,False,0.0,3.3962258159419673e-08,371,9,38,371
DTLZ4,54,31,10,102,0.36115058817257956,0.3611505886382896,0.3611505886382896,False,0.0,1.2895175623415459e-09,371,9,38,371
DTLZ4,55,31,10,102,0.049689698956367365,0.049689697375359804,0.049689697375359804,False,0.0,3.181761198369113e-08,371,9,38,371
DTLZ4,56,31,10,102,0.04409423796775344,0.04409424026555367,0.04409424026555367,False,0.0,5.211112230919631e-08,371,9,38,371
DTLZ4,57,31,10,103,0.06377909419085327,0.06377909607230454,0.06377909607230454,False,0.0,2.9499498172961787e-08,371,9,38,371
DTLZ4,58,32,10,104,0.05357428262696171,0.053574283949274826,0.053574283949274826,False,0.0,2.4681863168931336e-08,371,9,38,371
DTLZ4,59,32,10,104,0.06134586077990846,0.061345861314656136,0.061345861314656136,False,0.0,8.71693167063604e-09,371,9,38,371
DTLZ4,60,32,10,104,0.05245767290252587,0.052457674350064924,0.052457674350064924,False,0.0,2.759441991622701e-08,371,9,38,371
DTLZ4,61,32,10,104,0.04850699204209061,0.04850699397766002,0.04850699397766002,False,0.0,3.990289505894675e-08,371,9,38,371
DTLZ4,62,32,10,105,0.04357416269448117,0.043574161159829206,0.043574161159829206,False,0.0,3.521931039331977e-08,371,9,38,371
DTLZ4,63,32,10,105,0.2607423294126265,0.260742340281871,0.260742340281871,False,0.0,4.168576896941234e-08,371,9,38,371
DTLZ4,64,32,10,106,0.37587782912947754,0.3758778353630952,0.3758778353630952,False,0.0,1.658415898600557e-08,371,9,38,371
DTLZ4,65,32,10,107,0.05596776387886911,0.055967764632268435,0.055967764632268435,False,0.0,1.3461308258196166e-08,371,9,38,371
DTLZ4,66,32,10,108,0.0465415527925107,0.04654155401671959,0.04654155401671959,False,0.0,2.630356774941258e-08,371,9,38,371
DTLZ4,67,32,10,109,0.07178980354249992,0.07178980518382261,0.07178980518382261,False,0.0,2.2862894281367157e-08,371,9,38,371
DTLZ4,68,32,10,109,0.04291891081038427,0.04291891026855226,0.04291891026855226,False,0.0,1.2624551732190038e-08,371,9,38,371
DTLZ4,69,33,11,110,0.050473291057492854,0.05047329167271603,0.05047329167271603,False,0.0,1.21890838712482e-08,371,9,38,371
DTLZ4,70,33,11,111,0.09364644496234331,0.09364644693832766,0.09364644693832766,False,0.0,2.1100473692968926e-08,371,9,38,371
DTLZ4,71,33,11,111,0.34359787924969043,0.34359788446982753,0.34359788446982753,False,0.0,1.5192576600758432e-08,371,9,38,371
DTLZ4,72,34,11,112,0.14821799456800314,0.14821799866878416,0.14821799866878416,False,0.0,2.7667227803634892e-08,371,9,38,371
DTLZ4,73,34,11,112,0.05914662073730512,0.05914661964684353,0.05914661964684353,False,0.0,1.8436583113088663e-08,371,9,38,371
DTLZ4,74,34,11,113,0.05290558136425736,0.05290558252349558,0.05290558252349558,False,0.0,2.191145413041699e-08,371,9,38,371
DTLZ4,75,34,11,114,0.07721199302728211,0.07721199501991904,0.07721199501991904,False,0.0,2.580735002857595e-08,371,9,38,371
DTLZ4,76,34,11,114,0.05668987406172244,0.05668987835548156,0.05668987835548156,False,0.0,7.574120052576827e-08,371,9,38,371
DTLZ4,77,34,11,115,0.05921810281318842,0.05921810460581226,0.05921810460581226,False,0.0,3.027155136478996e-08,371,9,38,371
DTLZ4,78,35,11,116,0.19617517679727872,0.19617516994412687,0.19617516994412687,False,0.0,3.4933838029069524e-08,371,9,38,371
DTLZ4,79,35,11,116,0.26193932028122624,0.2619393282599159,0.2619393282599159,False,0.0,3.046006855650141e-08,371,9,38,371
DTLZ4,80,35,11,116,0.07624585064403722,0.07624585383465203,0.07624585383465203,False,0.0,4.184640589708993e-08,371,9,38,371
DTLZ4,81,35,11,116,0.08095687009682635,0.08095687042284573,0.08095687042284573,False,0.0,4.027074882845065e-09,371,9,38,371
DTLZ4,82,35,11,117,0.06079171859226356,0.0607917213986932,0.0607917213986932,False,0.0,4.616467027448202e-08,371,9,38,371
DTLZ4,83,35,11,118,0.07214591434334859,0.07214591498952058,0.07214591498952058,False,0.0,8.956459929793916e-09,371,9,38,371
DTLZ4,84,35,11,118,0.061552653033871335,0.06155265553852094,0.06155265553852094,False,0.0,4.0691172229312074e-08,371,9,38,371
DTLZ4,85,36,11,119,0.06143935304526413,0.06143935579672046,0.06143935579672046,False,0.0,4.478328949163897e-08,371,9,38,371
DTLZ4,86,36,11,120,0.063236021025606,0.06323602330925576,0.06323602330925576,False,0.0,3.611311588506248e-08,371,9,38,371
DTLZ4,87,36,11,120,0.060408748027285075,0.06040874980577322,0.06040874980577322,False,0.0,2.9440903835256113e-08,371,9,38,371
DTLZ4,88,36,11,121,0.07398658188318913,0.0739865836317593,0.0739865836317593,False,0.0,2.363361210956596e-08,371,9,38,371
DTLZ4,89,36,11,121,0.0710442775197867,0.07104427938743592,0.07104427938743592,False,0.0,2.6288524298333857e-08,371,9,38,371
DTLZ4,90,36,11,121,0.07241449689655337,0.07241449943688394,0.07241449943688394,False,0.0,3.508041455467485e-08,371,9,38,371
DTLZ4,91,36,11,121,0.07044392272121747,0.07044392305672585,0.07044392305672585,False,0.0,4.762772599859184e-09,371,9,38,371
DTLZ4,92,36,11,121,0.08823636145920596,0.08823635917667749,0.08823635917667749,False,0.0,2.5868343096193095e-08,371,9,38,371
DTLZ4,93,36,11,122,0.11631558266822419,0.11631558625934964,0.11631558625934964,False,0.0,3.0873984123051504e-08,371,9,38,371
DTLZ4,94,36,11,122,0.07032194237589837,0.07032194628361327,0.07032194628361327,False,0.0,5.5568927274147454e-08,371,9,38,371
DTLZ4,95,36,11,122,0.07139353149541254,0.07139352953830488,0.07139352953830488,False,0.0,2.74129548643698e-08,371,9,38,371
DTLZ4,96,36,11,122,0.08865871604773327,0.08865871941131893,0.08865871941131893,False,0.0,3.793857851706327e-08,371,9,38,371
DTLZ4,97,36,11,122,0.10845288736502139,0.10845289175367741,0.10845289175367741,False,0.0,4.0466013663189304e-08,371,9,38,371
DTLZ4,98,36,11,122,0.16717391355120748,0.16717391582784988,0.16717391582784988,False,0.0,1.3618407046978832e-08,371,9,38,371
DTLZ4,99,36,11,122,0.08691935429932507,0.08691935716059135,0.08691935716059135,False,0.0,3.291863247867926e-08,371,9,38,371
DTLZ4,100,36,11,123,0.16161960679990053,0.16161961354423732,0.16161961354423732,False,0.0,4.172969429286537e-08,371,9,38,371
DTLZ4,101,35,11,124,0.06689624512421745,0.06689624701748936,0.06689624701748936,False,0.0,2.8301617089694315e-08,371,9,38,371
DTLZ4,102,36,12,125,0.09127234157161733,0.09127234429344758,0.09127234429344758,False,0.0,2.9820975340738506e-08,371,9,38,371
DTLZ4,103,37,12,126,0.09710252470198469,0.09710252754907878,0.09710252754907878,False,0.0,2.9320494982011842e-08,371,9,38,371
DTLZ4,104,37,12,127,0.09732412938444442,0.09732412931183322,0.09732412931183322,False,0.0,7.460759761617632e-10,371,9,38,371
DTLZ4,105,37,12,127,0.11920192424659684,0.11920192407257131,0.11920192407257131,False,0.0,1.4599221547588093e-09,371,9,38,371
DTLZ4,106,37,12,128,0.07348430273014758,0.07348430260266435,0.07348430260266435,False,0.0,1.7348362516561858e-09,371,9,38,371
DTLZ4,107,37,12,128,0.24355909281892063,0.24355909199257159,0.24355909199257159,False,0.0,3.392807204127847e-09,371,9,38,371
DTLZ4,108,37,12,128,0.11376145214934724,0.11376145513998112,0.11376145513998112,False,0.0,2.6288640158208446e-08,371,9,38,371
DTLZ4,109,38,13,129,0.07052534736605658,0.07052534985459623,0.07052534985459623,False,0.0,3.528574824604405e-08,371,9,38,371
DTLZ4,110,38,13,130,0.08056464623294987,0.0805646445121863,0.0805646445121863,False,0.0,2.135879264364925e-08,371,9,38,371
DTLZ4,111,38,13,130,0.12534095747817445,0.12534095462163206,0.12534095462163206,False,0.0,2.2790175286585975e-08,371,9,38,371
DTLZ4,112,38,13,130,0.07690277296831345,0.07690277609173866,0.07690277609173866,False,0.0,4.061524821999795e-08,371,9,38,371
DTLZ4,113,38,13,130,0.0774237952222233,0.07742379757528794,0.07742379757528794,False,0.0,3.039200854409704e-08,371,9,38,371
DTLZ4,114,38,13,131,0.07318080398497862,0.07318080765946629,0.07318080765946629,False,0.0,5.021108641032791e-08,371,9,38,371
DTLZ4,115,38,13,131,0.08384816553153282,0.08384816826349842,0.08384816826349842,False,0.0,3.2582294208489796e-08,371,9,38,371
DTLZ4,116,38,13,132,0.0910042819054765,0.09100428420720619,0.09100428420720619,False,0.0,2.5292542654680427e-08,371,9,38,371
DTLZ4,117,38,13,132,0.07241602724909166,0.07241603174680994,0.07241603174680994,False,0.0,6.210943146160222e-08,371,9,38,371
DTLZ4,118,38,13,132,0.08366048128844915,0.08366048116008057,0.08366048116008057,False,0.0,1.5343992489396378e-09,371,9,38,371
DTLZ4,119,38,13,133,0.40727605247553533,0.40727606372858405,0.40727606372858405,False,0.0,2.763002795444825e-08,371,9,38,371
DTLZ4,120,39,13,134,0.07995532362750107,0.07995532543711126,0.07995532543711126,False,0.0,2.2632766672965433e-08,371,9,38,371
DTLZ4,121,39,13,134,0.080136267369711,0.08013626903285263,0.08013626903285263,False,0.0,2.0753919453526963e-08,371,9,38,371
DTLZ4,122,39,13,134,0.2781259500747531,0.2781259551862611,0.2781259551862611,False,0.0,1.8378392930521557e-08,371,9,38,371
DTLZ4,123,39,13,134,0.1351076099903492,0.13510761006478114,0.13510761006478114,False,0.0,5.509085154027923e-10,371,9,38,371
DTLZ4,124,39,13,135,0.09123057351690254,0.09123057223249749,0.09123057223249749,False,0.0,1.4078669080138886e-08,371,9,38,371
DTLZ4,125,39,13,135,0.05163561904368089,0.05163562184513664,0.05163562184513664,False,0.0,5.425432675777999e-08,371,9,38,371
DTLZ4,126,39,13,136,0.06290979423508021,0.06290979488949962,0.06290979488949962,False,0.0,1.0402504339906774e-08,371,9,38,371
DTLZ4,127,39,13,136,0.3329818928609547,0.33298190742892775,0.33298190742892775,False,0.0,4.37500457605635e-08,371,9,38,371
DTLZ4,128,39,13,136,0.06853814933739723,0.06853814731323361,0.06853814731323361,False,0.0,2.953338591819446e-08,371,9,38,371
DTLZ4,129,39,13,137,0.14088764865862544,0.1408876523942968,0.1408876523942968,False,0.0,2.6515250919110567e-08,371,9,38,371
DTLZ4,130,39,13,138,0.12853214342987052,0.12853214643552943,0.12853214643552943,False,0.0,2.3384492283361724e-08,371,9,38,371
DTLZ4,131,39,13,139,0.15566978977565826,0.15566979841347178,0.15566979841347178,False,0.0,5.548805283578419e-08,371,9,38,371
DTLZ4,132,39,13,139,0.05680998821121582,0.05680999017426463,0.05680999017426463,False,0.0,3.455464203834518e-08,371,9,38,371
DTLZ4,133,39,13,139,0.0563529300671901,0.05635293265791077,0.05635293265791077,False,0.0,4.5973131524569817e-08,371,9,38,371
DTLZ4,134,39,13,140,0.05581441265486396,0.05581441546728106,0.05581441546728106,False,0.0,5.038872513467795e-08,371,9,38,371
DTLZ4,135,39,13,141,0.11217921692605863,0.11217921888707229,0.11217921888707229,False,0.0,1.7481078142195508e-08,371,9,38,371
DTLZ4,136,39,13,141,0.09575812552141777,0.09575812855650552,0.09575812855650552,False,0.0,3.169535466617202e-08,371,9,38,371
DTLZ4,137,39,13,142,0.24233139800355447,0.24233140443421783,0.24233140443421783,False,0.0,2.65366494639194e-08,371,9,38,371
DTLZ4,138,39,13,143,0.0831243626813897,0.08312436618742636,0.08312436618742636,False,0.0,4.217820795668923e-08,371,9,38,371
DTLZ4,139,39,13,144,0.35052456861300635,0.35052457421373395,0.35052457421373395,False,0.0,1.597813136487871e-08,371,9,38,371
DTLZ4,140,39,13,144,0.3099565506976237,0.30995655648988824,0.30995655648988824,False,0.0,1.868734357716955e-08,371,9,38,371
DTLZ4,141,39,13,144,0.2805477803098723,0.2805477808163259,0.2805477808163259,False,0.0,1.805231182793486e-09,371,9,38,371
DTLZ4,142,39,13,144,0.059615136648150366,0.059615138498658966,0.059615138498658966,False,0.0,3.104091854124618e-08,371,9,38,371
DTLZ4,143,39,13,145,0.4779265631558732,0.47792657086406415,0.47792657086406415,False,0.0,1.612840040423561e-08,371,9,38,371
DTLZ4,144,39,13,146,0.06052181362578606,0.060521813596235284,0.060521813596235284,False,0.0,4.882665723401538e-10,371,9,38,371
DTLZ4,145,39,13,146,0.23045831840850672,0.23045831586391083,0.23045831586391083,False,0.0,1.1041458224101685e-08,371,9,38,371
DTLZ4,146,39,13,147,0.4414505647938191,0.44145056229630725,0.44145056229630725,False,0.0,5.6575119915234585e-09,371,9,38,371
DTLZ4,147,39,13,147,0.17144937695842546,0.1714493758148727,0.1714493758148727,False,0.0,6.669914891373276e-09,371,9,38,371
DTLZ4,148,39,13,148,0.25937763959643906,0.2593776527892573,0.2593776527892573,False,0.0,5.086335987668711e-08,371,9,38,371
DTLZ4,149,39,13,148,0.06932679342835336,0.06932679538358227,0.06932679538358227,False,0.0,2.8203077232390923e-08,371,9,38,371
DTLZ4,150,39,13,148,0.08769138234638775,0.0876913850356252,0.0876913850356252,False,0.0,3.0667066385381324e-08,371,9,38,371
DTLZ4,151,39,13,148,0.09307812477714227,0.09307812382179873,0.09307812382179873,False,0.0,1.0263888992981938e-08,371,9,38,371
DTLZ4,152,39,13,148,0.1404984862759412,0.14049848975177784,0.14049848975177784,False,0.0,2.4739317400589058e-08,371,9,38,371
DTLZ4,153,39,13,149,0.1253668656636413,0.12536686571364772,0.12536686571364772,False,0.0,3.988806405127231e-10,371,9,38,371
DTLZ4,154,39,13,150,0.06319839861589514,0.0631984002862979,0.0631984002862979,False,0.0,2.6431093146973726e-08,371,9,38,371
DTLZ4,155,39,13,151,0.0733965131602893,0.07339651335691068,0.07339651335691068,False,0.0,2.6788925453767714e-09,371,9,38,371
DTLZ4,156,39,13,151,0.058087836348940214,0.05808783681255009,0.05808783681255009,False,0.0,7.981186800090661e-09,371,9,38,371
DTLZ4,157,39,13,152,0.07990468055714628,0.07990468157254767,0.07990468157254767,False,0.0,1.2707658436170329e-08,371,9,38,371
DTLZ4,158,39,13,152,0.06058244232509671,0.06058244380045962,0.06058244380045962,False,0.0,2.4352978495879153e-08,371,9,38,371
DTLZ4,159,39,13,153,0.0670088322841045,0.06700883542953381,0.06700883542953381,False,0.0,4.6940518325227765e-08,371,9,38,371
DTLZ4,160,39,13,154,0.054804226431897855,0.054804227701877525,0.054804227701877525,False,0.0,2.3173024285195536e-08,371,9,38,371
DTLZ4,161,39,13,155,0.06320846214857846,0.06320846546146039,0.06320846546146039,False,0.0,5.2412000142207025e-08,371,9,38,371
DTLZ4,162,39,13,156,0.05842164566744698,0.05842164294668864,0.05842164294668864,False,0.0,4.657106642174243e-08,371,9,38,371
DTLZ4,163,39,13,156,0.06605059311364415,0.06605059577746504,0.06605059577746504,False,0.0,4.0330007052501574e-08,371,9,38,371
DTLZ4,164,39,13,156,0.05586560966587086,0.055865612436960525,0.055865612436960525,False,0.0,4.9602782102675535e-08,371,9,38,371
DTLZ4,165,39,13,157,0.2516764344064714,0.2516764406358495,0.2516764406358495,False,0.0,2.4751534976345714e-08,371,9,38,371
DTLZ4,166,39,13,158,0.3101528853599763,0.3101528917335302,0.3101528917335302,False,0.0,2.0549716632400073e-08,371,9,38,371
DTLZ4,167,39,13,158,0.0535378410560345,0.05353784396201973,0.05353784396201973,False,0.0,5.427908882591518e-08,371,9,38,371
DTLZ4,168,39,13,158,0.10703823189934283,0.10703823078665782,0.10703823078665782,False,0.0,1.0395211073904456e-08,371,9,38,371
DTLZ4,169,39,14,159,0.05525184182178477,0.05525184249896549,0.05525184249896549,False,0.0,1.225625606119161e-08,371,9,38,371
DTLZ4,170,39,14,160,0.055866512061438736,0.05586651119500569,0.05586651119500569,False,0.0,1.5508987609864492e-08,371,9,38,371
DTLZ4,171,39,14,161,0.09071949846364381,0.09071950021277927,0.09071950021277927,False,0.0,1.9280700302500906e-08,371,9,38,371
DTLZ4,172,39,14,162,0.05790003526705194,0.05790003725789251,0.05790003725789251,False,0.0,3.43840994155905e-08,371,9,38,371
DTLZ4,173,39,14,162,0.05743035283858604,0.05743035584340127,0.05743035584340127,False,0.0,5.232103028189825e-08,371,9,38,371
DTLZ4,174,39,14,163,0.05903742145916377,0.05903742524943137,0.05903742524943137,False,0.0,6.420110340355762e-08,371,9,38,371
DTLZ4,175,39,14,164,0.060616761286762924,0.06061676394985214,0.06061676394985214,False,0.0,4.393321513548152e-08,371,9,38,371
DTLZ4,176,39,14,165,0.05398263678107928,0.05398263558440522,0.05398263558440522,False,0.0,2.216775855743737e-08,371,9,38,371
DTLZ4,177,39,14,165,0.05724462077894409,0.057244622606502454,0.057244622606502454,False,0.0,3.192541651461523e-08,371,9,38,371
DTLZ4,178,39,14,165,0.051696256222456334,0.05169625715290574,0.05169625715290574,False,0.0,1.79983904640877e-08,371,9,38,371
DTLZ4,179,39,14,166,0.058112790360633826,0.05811279250658634,0.05811279250658634,False,0.0,3.692737002635001e-08,371,9,38,371
DTLZ4,180,39,14,167,0.06037641248850533,0.0603764156987405,0.0603764156987405,False,0.0,5.317035305108755e-08,371,9,38,371
DTLZ4,181,39,14,168,0.05702849536166268,0.05702849775130093,0.05702849775130093,False,0.0,4.190253023529886e-08,371,9,38,371
DTLZ4,182,39,14,169,0.05508386681412332,0.05508386943774007,0.05508386943774007,False,0.0,4.762949479053493e-08,371,9,38,371
DTLZ4,183,39,14,169,0.05476051104765316,0.05476051237483865,0.05476051237483865,False,0.0,2.42361780059798e-08,371,9,38,371
DTLZ4,184,39,14,169,0.13143016624046194,0.13143017245613914,0.13143017245613914,False,0.0,4.7292622180762056e-08,371,9,38,371
DTLZ4,185,40,15,170,0.048565538129362665,0.04856553824695419,0.04856553824695419,False,0.0,2.4212956619664536e-09,371,9,38,371
DTLZ4,186,40,15,170,0.05619464406931155,0.056194646252292646,0.056194646252292646,False,0.0,3.8846782120518945e-08,371,9,38,371
DTLZ4,187,40,15,170,0.053538664070935896,0.05353866705049932,0.05353866705049932,False,0.0,5.565255454321029e-08,371,9,38,371
DTLZ4,188,40,15,171,0.052637064984753346,0.05263706793840176,0.05263706793840176,False,0.0,5.611347093501269e-08,371,9,38,371
DTLZ4,189,40,15,172,0.05197719623716512,0.051977198318088405,0.051977198318088405,False,0.0,4.00353123772875e-08,371,9,38,371
DTLZ4,190,40,15,173,0.058765997138548576,0.05876599960613236,0.05876599960613236,False,0.0,4.1989992568683625e-08,371,9,38,371
DTLZ4,191,40,15,174,0.057346278262118175,0.05734627908613776,0.05734627908613776,False,0.0,1.4369190237055601e-08,371,9,38,371
DTLZ4,192,40,15,175,0.05861250677977746,0.058612508912512754,0.058612508912512754,False,0.0,3.638703428840071e-08,371,9,38,371
DTLZ4,193,40,15,175,0.0890644533215794,0.08906445621001226,0.08906445621001226,False,0.0,3.2430815508180347e-08,371,9,38,371
DTLZ4,194,40,15,175,0.05377737258425653,0.05377737167343307,0.05377737167343307,False,0.0,1.6936927457642456e-08,371,9,38,371
DTLZ4,195,40,15,175,0.07304470526837678,0.07304470599335616,0.07304470599335616,False,0.0,9.925146243239076e-09,371,9,38,371
DTLZ4,196,40,15,175,0.05463802353648534,0.05463802614736333,0.05463802614736333,False,0.0,4.778500057359799e-08,371,9,38,371
DTLZ4,197,40,15,176,0.09635182000085332,0.09635182453577736,0.09635182453577736,False,0.0,4.7066303817371475e-08,371,9,38,371
DTLZ4,198,40,15,176,0.09346377622227754,0.09346377945702414,0.09346377945702414,False,0.0,3.460962873882624e-08,371,9,38,371
DTLZ4,199,40,15,176,0.06357562100467382,0.06357562213997948,0.06357562213997948,False,0.0,1.7857563181908964e-08,371,9,38,371
DTLZ4,200,40,15,177,0.05910986455550479,0.059109865245461364,0.059109865245461364,False,0.0,1.167244378296424e-08,371,9,38,371
DTLZ4,201,40,15,177,0.053234444349600674,0.05323444573753578,0.05323444573753578,False,0.0,2.6072125370697478e-08,371,9,38,371
DTLZ4,202,40,15,178,0.07051864690381195,0.07051864883251048,0.07051864883251048,False,0.0,2.7350192025743308e-08,371,9,38,371
DTLZ4,203,40,15,178,0.1412793535250156,0.14127935813377393,0.14127935813377393,False,0.0,3.262159830458356e-08,371,9,38,371
DTLZ4,204,40,15,178,0.057857633189193125,0.05785763331887487,0.05785763331887487,False,0.0,2.241393872533662e-09,371,9,38,371
DTLZ4,205,40,15,179,0.07002290900385487,0.07002291147215396,0.07002291147215396,False,0.0,3.52498793324757e-08,371,9,38,371
DTLZ4,206,40,15,180,0.085730663579959,0.0857306647451897,0.0857306647451897,False,0.0,1.359176116146297e-08,371,9,38,371
DTLZ4,207,40,15,181,0.16406812132182236,0.16406812565314224,0.16406812565314224,False,0.0,2.6399521437745927e-08,371,9,38,371
DTLZ4,208,41,16,182,0.5121747843722148,0.5121747889257774,0.5121747889257774,False,0.0,8.890641978103068e-09,371,9,38,371
DTLZ4,209,41,16,183,0.4400786474195816,0.4400786508920192,0.4400786508920192,False,0.0,7.890493291567251e-09,371,9,38,371
DTLZ4,210,41,16,184,0.5079445777937756,0.5079445969606396,0.5079445969606396,False,0.0,3.773416418601289e-08,371,9,38,371
DTLZ4,211,41,16,185,0.21379853164019938,0.21379853161148923,0.21379853161148923,False,0.0,1.3428598013253805e-10,371,9,38,371
DTLZ4,212,41,16,185,0.41324309746101684,0.4132431037071111,0.4132431037071111,False,0.0,1.511481810900798e-08,371,9,38,371
DTLZ4,213,41,16,185,0.5719490990993867,0.5719491181675949,0.5719491181675949,False,0.0,3.333899494484813e-08,371,9,38,371
DTLZ4,214,42,17,186,0.47920398326281827,0.47920399629099447,0.47920399629099447,False,0.0,2.7187120014768713e-08,371,9,38,371
DTLZ4,215,42,17,186,0.491903319943313,0.4919033341947371,0.4919033341947371,False,0.0,2.897200225855791e-08,371,9,38,371
DTLZ4,216,42,17,186,0.403606003796043,0.4036060103036918,0.4036060103036918,False,0.0,1.612376611723164e-08,371,9,38,371
DTLZ4,217,42,17,186,0.5125248954611936,0.512524905188208,0.512524905188208,False,0.0,1.8978618409154648e-08,371,9,38,371
DTLZ4,218,42,17,186,0.09439594065243037,0.09439594062753748,0.09439594062753748,False,0.0,2.637072434487961e-10,371,9,38,371
DTLZ4,219,42,17,187,0.19733595911715823,0.19733596504195658,0.19733596504195658,False,0.0,3.002391643614198e-08,371,9,38,371
DTLZ4,220,42,17,187,0.0859521490057034,0.08595215610610402,0.08595215610610402,False,0.0,8.260876193123505e-08,371,9,38,371
DTLZ4,221,42,17,188,0.08863574699484844,0.0886357441462544,0.0886357441462544,False,0.0,3.213820763952513e-08,371,9,38,371
DTLZ4,222,42,17,189,0.415324596378163,0.4153246013114319,0.4153246013114319,False,0.0,1.1878104373097773e-08,371,9,38,371
DTLZ4,223,43,17,190,0.39779792980396594,0.3977979316459088,0.3977979316459088,False,0.0,4.6303480687031956e-09,371,9,38,371
DTLZ4,224,43,17,191,0.435660886691687,0.43566089320833906,0.43566089320833906,False,0.0,1.495808379953459e-08,371,9,38,371
DTLZ4,225,44,18,192,0.520837697440411,0.5208377121278409,0.5208377121278409,False,0.0,2.8199629195640945e-08,371,9,38,371
DTLZ4,226,44,18,192,0.3596538314427411,0.35965383687181546,0.35965383687181546,False,0.0,1.5095277408739527e-08,371,9,38,371
DTLZ4,227,44,18,192,0.504985045243384,0.5049850595981256,0.5049850595981256,False,0.0,2.8426072718007756e-08,371,9,38,371
DTLZ4,228,44,18,192,0.4108483828172458,0.41084839027857556,0.41084839027857556,False,0.0,1.816078652929056e-08,371,9,38,371
DTLZ4,229,45,19,193,0.34761110726676825,0.3476111121544055,0.3476111121544055,False,0.0,1.4060647479916152e-08,371,9,38,371
DTLZ4,230,45,19,194,0.1390561252187635,0.1390561359627555,0.1390561359627555,False,0.0,7.726370905794155e-08,371,9,38,371
DTLZ4,231,45,19,195,0.39459139384274333,0.39459139844606206,0.39459139844606206,False,0.0,1.1666039346105382e-08,371,9,38,371
DTLZ4,232,45,19,196,0.300990916423819,0.30099092275132683,0.30099092275132683,False,0.0,2.102225517697029e-08,371,9,38,371
DTLZ4,233,45,19,197,0.3897346620485236,0.3897346668280382,0.3897346668280382,False,0.0,1.2263509209810748e-08,371,9,38,371
DTLZ4,234,45,19,197,0.37932401131731625,0.3793240187109844,0.3793240187109844,False,0.0,1.9491695640424428e-08,371,9,38,371
DTLZ4,235,45,19,198,0.2875198738061489,0.28751987770349446,0.28751987770349446,False,0.0,1.355504753740475e-08,371,9,38,371
DTLZ4,236,45,19,198,0.4386897170252937,0.4386897235871081,0.4386897235871081,False,0.0,1.495775754592426e-08,371,9,38,371
DTLZ4,237,45,19,198,0.34647706796533706,0.3464770731976902,0.3464770731976902,False,0.0,1.510158577761412e-08,371,9,38,371
DTLZ4,238,45,19,199,0.440820501315434,0.4408205102321117,0.4408205102321117,False,0.0,2.022745698737064e-08,371,9,38,371
DTLZ4,239,45,19,199,0.7633289754534973,0.7633289563057682,0.7633289563057682,False,0.0,2.508450443348262e-08,371,9,38,371
DTLZ4,240,45,19,199,0.36107377893239534,0.3610737842465473,0.3610737842465473,False,0.0,1.4717634627280656e-08,371,9,38,371
MMF11_L,1,9,9,9,0.29779147354596236,0.29779145968533877,0.29779145968533877,False,0.0,4.6544729532630464e-08,61,4,0,61
MMF11_L,2,8,8,8,0.23023152388325813,0.23023150610779522,0.23023150610779522,False,0.0,7.72069028920991e-08,61,4,0,61
MMF11_L,3,9,8,9,0.24875273307835916,0.24875273125056857,0.24875273125056857,False,0.0,7.347821119117115e-09,61,4,0,61
MMF11_L,4,9,8,10,0.12405574746479306,0.12405573628693703,0.12405573628693703,False,0.0,9.010349184214291e-08,61,4,0,61
MMF11_L,5,10,9,11,0.22780967010284311,0.22780966460828614,0.22780966460828614,False,0.0,2.4119068227396458e-08,61,4,0,61
MMF11_L,6,10,9,12,0.10887877496160203,0.10887875852654792,0.10887875852654792,False,0.0,1.5094819091329378e-07,61,4,0,61
MMF11_L,7,8,7,10,0.11048761815076244,0.11048761330473256,0.11048761330473256,False,0.0,4.3860388738942294e-08,61,4,0,61
MMF11_L,8,8,7,10,0.1196325309835173,0.11963252664469055,0.11963252664469055,False,0.0,3.626795075439533e-08,61,4,0,61
MMF11_L,9,8,7,10,0.07701769504569139,0.07701769063114339,0.07701769063114339,False,0.0,5.7318620121108364e-08,61,4,0,61
MMF11_L,10,9,8,11,0.11360845220206914,0.11360845789713049,0.11360845789713049,False,0.0,5.012885258688352e-08,61,4,0,61
MMF11_L,11,9,8,11,0.13550375748661286,0.1355037507503726,0.1355037507503726,False,0.0,4.9712571702720346e-08,61,4,0,61
MMF11_L,12,9,8,11,0.09644469384529616,0.09644468991343681,0.09644468991343681,False,0.0,4.0768021497356804e-08,61,4,0,61
MMF11_L,13,8,7,10,0.4769409857852508,0.4769409910326941,0.4769409910326941,False,0.0,1.1002290575983782e-08,61,4,0,61
MMF11_L,14,9,8,11,0.06697978963865708,0.06697978604478805,0.06697978604478805,False,0.0,5.365602154155627e-08,61,4,0,61
MMF11_L,15,10,9,12,4.958294600452664,4.958294648756011,4.958294648756011,False,0.0,9.741927616709554e-09,61,4,0,61
MMF11_L,16,10,9,12,0.07833158835287828,0.07833158746984613,0.07833158746984613,False,0.0,1.1273001939204035e-08,61,4,0,61
MMF11_L,17,10,9,12,0.08051535026373204,0.08051535216841542,0.08051535216841542,False,0.0,2.3656152236772495e-08,61,4,0,61
MMF11_L,18,11,10,13,0.053271972335808715,0.05327197018135843,0.05327197018135843,False,0.0,4.044247266199321e-08,61,4,0,61
MMF11_L,19,11,10,13,0.04841406814181636,0.04841406445568808,0.04841406445568808,False,0.0,7.613754485070006e-08,61,4,0,61
MMF11_L,20,12,11,14,0.9585078426993807,0.958507868502493,0.958507868502493,False,0.0,2.6920084702505094e-08,61,4,0,61
MMF11_L,21,12,11,14,0.3205968483628626,0.32059684344503764,0.32059684344503764,False,0.0,1.5339592406132637e-08,61,4,0,61
MMF11_L,22,12,11,14,0.5441156533096072,0.5441156769245392,0.5441156769245392,False,0.0,4.340057461354853e-08,61,4,0,61
MMF11_L,23,12,11,14,0.07173385109368083,0.07173384922557698,0.07173384922557698,False,0.0,2.6042151978226014e-08,61,4,0,61
MMF11_L,24,12,11,14,0.23064823336003656,0.23064823691787012,0.23064823691787012,False,0.0,1.5425366601406354e-08,61,4,0,61
MMF11_L,25,12,11,14,0.0640864851009697,0.06408648341884532,0.06408648341884532,False,0.0,2.6247724174258658e-08,61,4,0,61
MMF11_L,26,13,12,15,0.3654177400786876,0.3654177330426716,0.3654177330426716,False,0.0,1.9254719244177155e-08,61,4,0,61
MMF11_L,27,13,12,15,0.04747479782450102,0.04747479463998047,0.04747479463998047,False,0.0,6.707812767963904e-08,61,4,0,61
MMF11_L,28,13,12,15,0.0193240383595258,0.019324035974997485,0.019324035974997485,False,0.0,1.233969975644841e-07,61,4,0,61
MMF11_L,29,14,13,16,0.04479051685018554,0.044790514866882535,0.044790514866882535,False,0.0,4.427952940505172e-08,61,4,0,61
MMF11_L,30,14,13,16,0.0451766007678222,0.04517659787077918,0.04517659787077918,False,0.0,6.412706960915432e-08,61,4,0,61
MMF11_L,31,15,14,17,0.042025265525838976,0.04202526144708878,0.04202526144708878,False,0.0,9.705471572075173e-08,61,4,0,61
MMF11_L,32,15,14,17,0.02139934885509011,0.021399347411569535,0.021399347411569535,False,0.0,6.745628494036236e-08,61,4,0,61
MMF11_L,33,16,15,18,0.045485572233134736,0.04548558100423333,0.04548558100423333,False,0.0,1.928325437453126e-07,61,4,0,61
MMF11_L,34,17,16,19,0.036577919885041436,0.03657791726280465,0.03657791726280465,False,0.0,7.168906261098845e-08,61,4,0,61
MMF11_L,35,18,17,20,0.03739961952480453,0.03739962255801105,0.03739962255801105,False,0.0,8.110260365818905e-08,61,4,0,61
MMF11_L,36,19,18,21,0.01662205234129053,0.016622049855463266,0.016622049855463266,False,0.0,1.4954996000148384e-07,61,4,0,61
MMF11_L,37,20,19,22,0.030273876890816377,0.030273892201057362,0.030273892201057362,False,0.0,5.057244911162059e-07,61,4,0,61
MMF11_L,38,20,19,22,0.016379567860625208,0.016379565382496346,0.016379565382496346,False,0.0,1.512939097615167e-07,61,4,0,61
MMF11_L,39,21,20,23,0.01744036782806517,0.01744036651445697,0.01744036651445697,False,0.0,7.531998260191883e-08,61,4,0,61
MMF11_L,40,21,20,23,0.029395941640407146,0.02939593940962567,0.02939593940962567,False,0.0,7.588739641334159e-08,61,4,0,61
ZDT6,1,7,7,7,0.9509822515140479,0.9509822969954483,0.9509822969954483,False,0.0,4.782570899844517e-08,290,23,0,309
ZDT6,2,8,8,8,0.342290208219643,0.34229024053436563,0.34229024053436563,False,0.0,9.440738251928377e-08,290,23,0,309
ZDT6,3,6,6,6,0.9015792052711264,0.9015792122697109,0.9015792122697109,False,0.0,7.762584195373102e-09,290,23,0,309
ZDT6,4,2,2,2,0.0022846135928352974,0.002284608410806397,0.002284608410806397,False,0.0,2.2682299170507666e-06,290,23,0,309
ZDT6,5,3,3,3,0.0017936623039788721,0.001793658340023545,0.001793658340023545,False,0.0,2.209978611013329e-06,290,23,0,309
ZDT6,6,3,3,3,0.002119829906450047,0.0021198250216659044,0.0021198250216659044,False,0.0,2.304328346275873e-06,290,23,0,309
ZDT6,7,3,3,3,0.002034270667329141,0.0020342650786538455,0.0020342650786538455,False,0.0,2.7472623900552732e-06,290,23,0,309
ZDT6,8,4,4,4,0.0015904668152519142,0.0015904623687065702,0.0015904623687065702,False,0.0,2.795748582309294e-06,290,23,0,309
ZDT6,9,4,4,4,0.001314868033278594,0.0013148628628922377,0.0013148628628922377,False,0.0,3.932247362772084e-06,290,23,0,309
ZDT6,10,4,4,4,0.0012595719176943714,0.0012595610556040942,0.0012595610556040942,False,0.0,8.623636431198525e-06,290,23,0,309
ZDT6,11,4,4,4,0.006112688604373391,0.006112677748629321,0.006112677748629321,False,0.0,1.7759360524919992e-06,290,23,0,309
ZDT6,12,4,4,4,0.006326667548831137,0.006326656944504058,0.006326656944504058,False,0.0,1.6761315490222572e-06,290,23,0,309
ZDT6,13,4,4,4,0.0015248577481554372,0.0015248588991441778,0.0015248588991441778,False,0.0,7.548171243561744e-07,290,23,0,309
ZDT6,14,4,4,4,0.005945529879350416,0.005945531208514533,0.005945531208514533,False,0.0,2.235568812676693e-07,290,23,0,309
ZDT6,15,4,4,4,0.0019494726127973752,0.001949467864158965,0.001949467864158965,False,0.0,2.435857974639911e-06,290,23,0,309
ZDT6,16,5,4,5,0.0017675908958371686,0.001767592047087059,0.001767592047087059,False,0.0,6.513101493405153e-07,290,23,0,309
ZDT6,17,5,4,5,0.0012422177279765056,0.0012422188663456027,0.0012422188663456027,False,0.0,9.164006208273494e-07,290,23,0,309
ZDT6,18,5,4,5,0.0013427005911213403,0.0013427017172520114,0.0013427017172520114,False,0.0,8.387057238095759e-07,290,23,0,309
ZDT6,19,5,4,5,0.0011866224787114245,0.0011866077954198874,0.0011866077954198874,False,0.0,1.2374021055976538e-05,290,23,0,309
ZDT6,20,5,4,5,0.0009171017252491299,0.00091709252893982,0.00091709252893982,False,0.0,1.0027578246437457e-05,290,23,0,309
ZDT6,21,5,4,5,0.0008580661135405718,0.0008580560160588285,0.0008580560160588285,False,0.0,1.1767719973996762e-05,290,23,0,309
ZDT6,22,5,4,5,0.00044951397547007485,0.0004494963408772123,0.0004494963408772123,False,0.0,3.923035506100683e-05,290,23,0,309
ZDT6,23,5,4,5,0.0005149352099730978,0.0005149259307813246,0.0005149259307813246,False,0.0,1.802011513979405e-05,290,23,0,309
ZDT6,24,6,5,6,0.0005441272342384636,0.0005441280184655378,0.0005441280184655378,False,0.0,1.4412567957923101e-06,290,23,0,309
ZDT6,25,7,5,7,0.0004940321011853153,0.0004940233450960488,0.0004940233450960488,False,0.0,1.7723725331833918e-05,290,23,0,309
ZDT6,26,7,5,7,0.0004545755549465387,0.00045456568860315484,0.00045456568860315484,False,0.0,2.1704518152100173e-05,290,23,0,309
ZDT6,27,8,6,8,0.0004723850133547356,0.00047238589132487813,0.00047238589132487813,False,0.0,1.8585901705816328e-06,290,23,0,309
ZDT6,28,8,6,8,0.0002828392878549208,0.0002828324558374182,0.0002828324558374182,False,0.0,2.4155121993072252e-05,290,23,0,309
ZDT6,29,9,7,9,0.0003836409687522614,0.000383632552163472,0.000383632552163472,False,0.0,2.19387121681374e-05,290,23,0,309
ZDT6,30,8,7,10,0.00032161018259513216,0.0003216132484872538,0.0003216132484872538,False,0.0,9.532944811864751e-06,290,23,0,309
ZDT6,31,8,7,10,0.00027986279504766504,0.00027986648507807415,0.00027986648507807415,False,0.0,1.3185140984811467e-05,290,23,0,309
ZDT6,32,8,7,10,0.0002676186242430315,0.00026762260046908864,0.00026762260046908864,False,0.0,1.4857807704422243e-05,290,23,0,309
ZDT6,33,8,7,10,0.0002580798856356986,0.000258073819242557,0.000258073819242557,False,0.0,2.3505873488276395e-05,290,23,0,309
ZDT6,34,8,7,10,0.0003033360244106347,0.0003033398079996388,0.0003033398079996388,False,0.0,1.2473259684244559e-05,290,23,0,309
ZDT6,35,8,7,10,0.00024191570523943612,0.0002419194418655834,0.0002419194418655834,False,0.0,1.544598414386274e-05,290,23,0,309
ZDT6,36,8,7,10,0.00021468660758996617,0.0002146808279247182,0.0002146808279247182,False,0.0,2.6921405637969925e-05,290,23,0,309
ZDT6,37,8,7,10,0.0002818696682330506,0.0002818596271717377,0.0002818596271717377,False,0.0,3.562306429021495e-05,290,23,0,309
ZDT6,38,8,7,10,0.0008759943912470852,0.0008760006550736784,0.0008760006550736784,False,0.0,7.150532761101645e-06,290,23,0,309
ZDT6,39,8,7,10,0.00027779662426392166,0.0002777885040713526,0.0002777885040713526,False,0.0,2.923071002245982e-05,290,23,0,309
ZDT6,40,8,7,10,0.0001642746959946256,0.0001642752146806118,0.0001642752146806118,False,0.0,3.1574308085415797e-06,290,23,0,309
ZDT6,41,8,7,10,0.00017092597902786745,0.00017092080682034583,0.00017092080682034583,False,0.0,3.025992626188206e-05,290,23,0,309
ZDT6,42,8,7,10,0.00024586846328758435,0.0002458601366698717,0.0002458601366698717,False,0.0,3.386614778210738e-05,290,23,0,309
ZDT6,43,8,7,10,0.00018905691567945896,0.000189050043731963,0.000189050043731963,False,0.0,3.634856451172767e-05,290,23,0,309
ZDT6,44,8,7,10,0.0001723437920850866,0.00017234774716530548,0.00017234774716530548,False,0.0,2.2948782610737278e-05,290,23,0,309
ZDT6,45,8,7,10,0.00022487014614736562,0.00022487316062714104,0.00022487316062714104,False,0.0,1.3405424539734135e-05,290,23,0,309
ZDT6,46,8,7,10,0.00013968411029870116,0.00013968828365767592,0.00013968828365767592,False,0.0,2.9877120352696873e-05,290,23,0,309
ZDT6,47,8,7,10,0.00017856066935003628,0.00017856404936110012,0.00017856404936110012,False,0.0,1.8929202473004205e-05,290,23,0,309
ZDT6,48,8,7,10,0.00014776350874614843,0.00014776784968972218,0.00014776784968972218,False,0.0,2.9377642765738906e-05,290,23,0,309
ZDT6,49,8,7,11,0.00011770147580372445,0.00011769496434075025,0.00011769496434075025,False,0.0,5.532184647419512e-05,290,23,0,309
ZDT6,50,8,7,11,0.00010745280378257583,0.0001074456624426003,0.0001074456624426003,False,0.0,6.646024788690116e-05,290,23,0,309
ZDT6,51,8,7,11,0.0001717587608899812,0.00017176253229447976,0.00017176253229447976,False,0.0,2.1957566991197716e-05,290,23,0,309
ZDT6,52,8,7,11,8.123110381594653e-05,8.122272749091223e-05,8.122272749091223e-05,False,0.0,0.00010311721299863678,290,23,0,309
ZDT6,53,8,7,11,8.274453484730248e-05,8.274812937741234e-05,8.274812937741234e-05,False,0.0,4.3441299373898406e-05,290,23,0,309
ZDT6,54,8,7,11,7.695525312315999e-05,7.694777408152997e-05,7.694777408152997e-05,False,0.0,9.718688882804564e-05,290,23,0,309
ZDT6,55,8,7,11,0.00010826677740982646,0.00010825842465416482,0.00010825842465416482,False,0.0,7.714975786174832e-05,290,23,0,309
ZDT6,56,8,7,11,5.342543602871285e-05,5.3429659094025443e-05,5.3429659094025443e-05,False,0.0,7.904596811012183e-05,290,23,0,309
ZDT6,57,8,7,11,5.699095037858456e-05,5.698579154739953e-05,5.698579154739953e-05,False,0.0,9.052018172643329e-05,290,23,0,309
ZDT6,58,8,7,11,3.4470558781445594e-05,3.446435767586369e-05,3.446435767586369e-05,False,0.0,0.00017989570813800137,290,23,0,309
ZDT6,59,8,7,11,3.0946954607987186e-05,3.0940092516161546e-05,3.0940092516161546e-05,False,0.0,0.00022173722463369368,290,23,0,309
ZDT6,60,8,7,11,2.4654515734487114e-05,2.4658647217870152e-05,2.4658647217870152e-05,False,0.0,0.00016757511798371746,290,23,0,309
ZDT6,61,9,7,12,0.0376191693285938,0.03761918636363339,0.03761918636363339,False,0.0,4.5282870138409144e-07,290,23,0,309
ZDT6,62,10,8,13,2.5586394955574232e-05,2.5582867398918737e-05,2.5582867398918737e-05,False,0.0,0.00013786845163691396,290,23,0,309
ZDT6,63,10,8,13,2.2916510590094282e-05,2.2910584633417933e-05,2.2910584633417933e-05,False,0.0,0.00025858896157212013,290,23,0,309
ZDT6,64,10,8,13,2.862731311555792e-05,2.862000612252067e-05,2.862000612252067e-05,False,0.0,0.00025524550654659143,290,23,0,309
ZDT6,65,10,8,14,2.7064378281752487e-05,2.7062604884418462e-05,2.7062604884418462e-05,False,0.0,6.552514584161861e-05,290,23,0,309
ZDT6,66,10,8,15,2.1764961118849652e-05,2.175972137381675e-05,2.175972137381675e-05,False,0.0,0.0002407422188484537,290,23,0,309
ZDT6,67,10,8,15,1.7439257504332473e-05,1.7431960114684096e-05,1.7431960114684096e-05,False,0.0,0.00041844612057389543,290,23,0,309
ZDT6,68,10,8,15,1.9804202620153327e-05,1.980053788193007e-05,1.980053788193007e-05,False,0.0,0.00018504851185109736,290,23,0,309
ZDT6,69,10,8,15,1.7592834550022618e-05,1.7591211269064754e-05,1.7591211269064754e-05,False,0.0,9.226943806287307e-05,290,23,0,309
ZDT6,70,10,8,15,1.4612298686296365e-05,1.4606645659577805e-05,1.4606645659577805e-05,False,0.0,0.000386867722862923,290,23,0,309
ZDT6,71,10,8,15,1.451468260841392e-05,1.4519154673466132e-05,1.4519154673466132e-05,False,0.0,0.0003081062929767926,290,23,0,309
ZDT6,72,10,8,15,1.4339418002442163e-05,1.4333382283912577e-05,1.4333382283912577e-05,False,0.0,0.0004209179569601786,290,23,0,309
ZDT6,73,10,8,15,1.574487866098935e-05,1.573929817398969e-05,1.573929817398969e-05,False,0.0,0.0003544318835232268,290,23,0,309
ZDT6,74,10,8,15,1.4985998036982432e-05,1.4980818606069519e-05,1.4980818606069519e-05,False,0.0,0.00034561801623964966,290,23,0,309
ZDT6,75,10,8,15,1.1105718020259207e-05,1.1101398483233626e-05,1.1101398483233626e-05,False,0.0,0.0003889471187456435,290,23,0,309
ZDT6,76,10,8,15,1.1792062097573809e-05,1.17903604027279e-05,1.17903604027279e-05,False,0.0,0.00014430850446920345,290,23,0,309
ZDT6,77,10,8,15,1.5033501862383907e-05,1.5036953693626952e-05,1.5036953693626952e-05,False,0.0,0.00022960926034688116,290,23,0,309
ZDT6,78,10,8,15,1.1895719301906748e-05,1.1889230585025917e-05,1.1889230585025917e-05,False,0.0,0.0005454665427243516,290,23,0,309
ZDT6,79,10,8,15,1.402503246159482e-05,1.4019697081126136e-05,1.4019697081126136e-05,False,0.0,0.0003804184042564123,290,23,0,309
ZDT6,80,10,8,15,1.0717962716697068e-05,1.071627238327113e-05,1.071627238327113e-05,False,0.0,0.00015771032896987863,290,23,0,309
ZDT6,81,10,8,15,0.00218682395347883,0.002186848201298551,0.002186848201298551,False,0.0,1.1088144376099268e-05,290,23,0,309
ZDT6,82,10,8,15,1.1587327685591085e-05,1.1582092118107213e-05,1.1582092118107213e-05,False,0.0,0.00045183562819083907,290,23,0,309
ZDT6,83,11,9,16,1.1990403682673525e-05,1.1993778462803656e-05,1.1993778462803656e-05,False,0.0,0.00028145675654001723,290,23,0,309
ZDT6,84,11,9,16,1.3235304675311145e-05,1.3230215399246583e-05,1.3230215399246583e-05,False,0.0,0.0003845227737035614,290,23,0,309
ZDT6,85,11,9,17,8.305873708715234e-06,8.308357953292282e-06,8.308357953292282e-06,False,0.0,0.00029909491333123797,290,23,0,309
ZDT6,86,11,9,17,0.000794318876381292,0.0007943377726201391,0.0007943377726201391,False,0.0,2.3789235543763722e-05,290,23,0,309
ZDT6,87,11,9,17,0.001900807107970038,0.0019007962556846587,0.0019007962556846587,False,0.0,5.709303870898472e-06,290,23,0,309
ZDT6,88,12,10,18,0.1428665494238699,0.1428665385449423,0.1428665385449423,False,0.0,7.614747914033785e-08,290,23,0,309
ZDT6,89,12,10,18,1.0273515180159061e-05,1.0276621567795726e-05,1.0276621567795726e-05,False,0.0,0.0003023685254939367,290,23,0,309
ZDT6,90,12,10,18,0.0007925105806055532,0.0007925068484653818,0.0007925068484653818,False,0.0,4.709262264350661e-06,290,23,0,309
ZDT6,91,12,10,18,0.07697409585783661,0.07697410302953517,0.07697410302953517,False,0.0,9.317028637413212e-08,290,23,0,309
ZDT6,92,12,10,18,0.002524818512639346,0.0025248132289486373,0.0025248132289486373,False,0.0,2.0927011911806963e-06,290,23,0,309
ZDT6,93,12,10,18,1.2273240694102217e-05,1.226735949136601e-05,1.226735949136601e-05,False,0.0,0.00047918906528354017,290,23,0,309
ZDT6,94,12,10,19,1.0589529862011466e-05,1.0583493971214659e-05,1.0583493971214659e-05,False,0.0,0.0005699866637573993,290,23,0,309
ZDT6,95,13,10,20,1.0241932861828734e-05,1.024033065477064e-05,1.024033065477064e-05,False,0.0,0.00015643600477653003,290,23,0,309
ZDT6,96,13,10,21,1.1215120125304237e-05,1.1213082237677093e-05,1.1213082237677093e-05,False,0.0,0.00018170894331716368,290,23,0,309
ZDT6,97,13,10,22,0.00015189283713051694,0.00015189895788981367,0.00015189895788981367,False,0.0,4.0296563105655456e-05,290,23,0,309
ZDT6,98,13,10,22,1.0040210641190361e-05,1.0036554957019942e-05,1.0036554957019942e-05,False,0.0,0.0003641043301842146,290,23,0,309
ZDT6,99,13,10,22,0.09067048880452051,0.09067051583628659,0.09067051583628659,False,0.0,2.9813191074579623e-07,290,23,0,309
ZDT6,100,14,11,23,7.236312848755686e-06,7.235171138324135e-06,7.235171138324135e-06,False,0.0,0.00015777516193865452,290,23,0,309
ZDT6,101,14,11,23,0.09717563716428337,0.09717564920673173,0.09717564920673173,False,0.0,1.2392456287776142e-07,290,23,0,309
ZDT6,102,14,11,23,1.6640514555535413e-19,1.6640517164647868e-19,1.6640517164647868e-19,True,0.0,1.5679277498225455e-07,290,23,0,309
ZDT6,103,14,11,23,1.9009568046307592e-28,1.9009715360333826e-28,1.9009715360333826e-28,True,0.0,7.749467314276107e-06,290,23,0,309
ZDT6,104,14,11,23,8.031383838193507e-06,8.03451562733023e-06,8.03451562733023e-06,False,0.0,0.0003899439000572774,290,23,0,309
ZDT6,105,14,11,23,9.87016463832102e-06,9.868280889410435e-06,9.868280889410435e-06,False,0.0,0.00019085283575424392,290,23,0,309
ZDT6,106,14,11,23,1.7618100680296726e-20,1.761810724840809e-20,1.761810724840809e-20,True,0.0,3.728047354728774e-07,290,23,0,309
ZDT6,107,14,11,23,0.18693420826508006,0.18693420969904742,0.18693420969904742,False,0.0,7.670973519656329e-09,290,23,0,309
ZDT6,108,14,11,23,8.595738964133843e-06,8.589737292095707e-06,8.589737292095707e-06,False,0.0,0.0006982147856256259,290,23,0,309
ZDT6,109,14,11,23,1.038561775051946e-05,1.0380319380764386e-05,1.0380319380764386e-05,False,0.0,0.0005101641406750412,290,23,0,309
ZDT6,110,14,11,24,7.05156686244775e-07,7.051622633321949e-07,7.051622633321949e-07,False,0.0,7.909004521603359e-06,290,23,0,309
ZDT6,111,14,11,25,7.76015409848578e-06,7.7677160498782e-06,7.7677160498782e-06,False,0.0,0.0009744589213629203,290,23,0,309
ZDT6,112,14,11,25,1.1477208749124916e-08,1.1477212081581335e-08,1.1477212081581335e-08,True,0.0,2.9035425704245195e-07,290,23,0,309
ZDT6,113,14,11,25,0.0002344948825458769,0.000234494848016851,0.000234494848016851,False,0.0,1.4724852641127828e-07,290,23,0,309
ZDT6,114,14,11,25,7.557177770886264e-06,7.550947162712826e-06,7.550947162712826e-06,False,0.0,0.0008244623009188573,290,23,0,309
ZDT6,115,14,12,16,0.028929017801122742,0.028929018558974312,0.028929018558974312,False,0.0,2.619693398869407e-08,290,23,0,309
ZDT6,116,14,12,16,9.32731277398903e-06,9.321894137982099e-06,9.321894137982099e-06,False,0.0,0.000580942886577317,290,23,0,309
ZDT6,117,14,12,16,8.63974116914591e-06,8.63414481463479e-06,8.63414481463479e-06,False,0.0,0.0006477456212583428,290,23,0,309
ZDT6,118,14,12,16,8.689563450368307e-06,8.683558601096072e-06,8.683558601096072e-06,False,0.0,0.0006910415358070434,290,23,0,309
ZDT6,119,14,12,17,0.004357988540194552,0.0043579875389442085,0.0043579875389442085,False,0.0,2.2975056833788303e-07,290,23,0,309
ZDT6,120,14,12,17,1.0212546599605897e-05,1.0207042618539166e-05,1.0207042618539166e-05,False,0.0,0.0005389430552946986,290,23,0,309
ZDT6,121,14,12,17,7.95776823584409e-06,7.951058459219042e-06,7.951058459219042e-06,False,0.0,0.0008431731644088207,290,23,0,309
ZDT6,122,14,12,17,8.163899256764769e-06,8.157772476776701e-06,8.157772476776701e-06,False,0.0,0.0007504722676472345,290,23,0,309
ZDT6,123,11,8,15,6.747124901627399e-06,6.741390570219691e-06,6.741390570219691e-06,False,0.0,0.0008498925825908836,290,23,0,309
ZDT6,124,11,8,15,8.715540638798514e-06,8.709581038715926e-06,8.709581038715926e-06,False,0.0,0.0006837900630120184,290,23,0,309
ZDT6,125,11,8,15,7.605247300495959e-14,7.605246673978216e-14,7.605246673978216e-14,True,0.0,8.237966745118598e-08,290,23,0,309
ZDT6,126,11,8,15,8.365504273822117e-06,8.359441832056767e-06,8.359441832056767e-06,False,0.0,0.0007246953162550439,290,23,0,309
ZDT6,127,11,8,16,5.58372955820182e-14,5.5837163120022225e-14,5.5837163120022225e-14,True,0.0,2.3722853084732883e-06,290,23,0,309
ZDT6,128,11,8,16,6.236533693162554e-14,6.236541247649083e-14,6.236541247649083e-14,True,0.0,1.2113277824323552e-06,290,23,0,309
ZDT6,129,11,8,16,4.40950564765493e-14,4.409497839248914e-14,4.409497839248914e-14,True,0.0,1.7708121135956597e-06,290,23,0,309
ZDT6,130,11,8,16,8.337344202740146e-06,8.331520174641847e-06,8.331520174641847e-06,False,0.0,0.0006985471580247827,290,23,0,309
ZDT6,131,11,8,16,6.919237047120966e-06,6.912599924966688e-06,6.912599924966688e-06,False,0.0,0.0009592274565935308,290,23,0,309
ZDT6,132,11,8,16,3.4287404158071505e-14,3.428737097375789e-14,3.428737097375789e-14,True,0.0,9.67828111508329e-07,290,23,0,309
ZDT6,133,11,8,16,1.0104968657135131e-05,1.0099386410947118e-05,1.0099386410947118e-05,False,0.0,0.0005524258785376329,290,23,0,309
ZDT6,134,12,8,17,7.504087628246817e-06,7.497987333717592e-06,7.497987333717592e-06,False,0.0,0.0008129295433948453,290,23,0,309
ZDT6,135,12,8,18,9.141846968556661e-06,9.1361055014118e-06,9.1361055014118e-06,False,0.0,0.0006280423599967723,290,23,0,309
ZDT6,136,12,8,18,7.360023440927278e-06,7.353948231746634e-06,7.353948231746634e-06,False,0.0,0.0008254334010487771,290,23,0,309
ZDT6,137,12,8,18,7.840923632730599e-06,7.834910568818546e-06,7.834910568818546e-06,False,0.0,0.0007668820911547289,290,23,0,309
ZDT6,138,12,8,18,7.293148259452023e-06,7.2873981971736596e-06,7.2873981971736596e-06,False,0.0,0.0007884197706952078,290,23,0,309
ZDT6,139,12,8,18,7.705805657421793e-06,7.70001874841895e-06,7.70001874841895e-06,False,0.0,0.000750980398431003,290,23,0,309
ZDT6,140,12,8,18,7.184047788597026e-06,7.177988321281519e-06,7.177988321281519e-06,False,0.0,0.0008434614431609594,290,23,0,309
ZDT6,141,12,8,18,7.146496169403982e-06,7.140354852237581e-06,7.140354852237581e-06,False,0.0,0.0008593465973848233,290,23,0,309
ZDT6,142,12,8,18,6.477517488981851e-06,6.471870302983193e-06,6.471870302983193e-06,False,0.0,0.0008718133155585449,290,23,0,309
ZDT6,143,12,8,18,6.029144980146984e-06,6.022350197177127e-06,6.022350197177127e-06,False,0.0,0.0011269894806362564,290,23,0,309
ZDT6,144,12,8,18,7.371684404504386e-06,7.36568257073466e-06,7.36568257073466e-06,False,0.0,0.0008141739988296819,290,23,0,309
ZDT6,145,12,8,18,7.819015181030148e-06,7.813471414872121e-06,7.813471414872121e-06,False,0.0,0.0007090107935174893,290,23,0,309
ZDT6,146,12,8,18,5.729805039931949e-06,5.723887937679668e-06,5.723887937679668e-06,False,0.0,0.001032688234773031,290,23,0,309
ZDT6,147,12,8,18,7.095120863072123e-06,7.088874656751501e-06,7.088874656751501e-06,False,0.0,0.0008803523493351601,290,23,0,309
ZDT6,148,12,8,18,6.745637724352958e-06,6.738921932836851e-06,6.738921932836851e-06,False,0.0,0.0009955754801153625,290,23,0,309
ZDT6,149,12,8,18,7.741086029726494e-15,7.741077029651605e-15,7.741077029651605e-15,True,0.0,1.1626372391570636e-06,290,23,0,309
ZDT6,150,12,8,18,7.31678456191454e-06,7.3107505720354824e-06,7.3107505720354824e-06,False,0.0,0.0008246778114071823,290,23,0,309
ZDT6,151,12,8,19,7.155638870011737e-06,7.149978747073983e-06,7.149978747073983e-06,False,0.0,0.0007910017596716552,290,23,0,309
ZDT6,152,12,8,19,6.025633622971171e-06,6.019706013238405e-06,6.019706013238405e-06,False,0.0,0.0009837321854699117,290,23,0,309
ZDT6,153,12,8,19,6.2665713693917604e-06,6.260714253115609e-06,6.260714253115609e-06,False,0.0,0.0009346604276717866,290,23,0,309
ZDT6,154,12,8,19,7.29074786525724e-06,7.2845133114616245e-06,7.2845133114616245e-06,False,0.0,0.0008551322732370846,290,23,0,309
ZDT6,155,12,8,19,0.04255915735578208,0.042559151321846164,0.042559151321846164,False,0.0,1.4177761704670947e-07,290,23,0,309
ZDT6,156,12,8,19,0.040250702013003195,0.040250695202384355,0.040250695202384355,False,0.0,1.6920497032636204e-07,290,23,0,309
ZDT6,157,12,8,19,0.023539446152851067,0.02353944172977269,0.02353944172977269,False,0.0,1.879006985576748e-07,290,23,0,309
ZDT6,158,12,8,19,0.019834520396747386,0.01983452082782706,0.01983452082782706,False,0.0,2.1733808874894445e-08,290,23,0,309
ZDT6,159,12,8,19,7.26374530776203e-05,7.262825233430473e-05,7.262825233430473e-05,False,0.0,0.00012666665646632826,290,23,0,309
ZDT6,160,12,8,19,6.281387284149024e-06,6.275155739897527e-06,6.275155739897527e-06,False,0.0,0.0009920649642511461,290,23,0,309
ZDT6,161,12,8,19,5.2147865203911825e-06,5.2080827045762705e-06,5.2080827045762705e-06,False,0.0,0.001285539837287365,290,23,0,309
ZDT6,162,9,6,11,0.09789701319970215,0.09789700716724353,0.09789700716724353,False,0.0,6.162045622027248e-08,290,23,0,309
ZDT6,163,9,6,11,0.024360888976811535,0.02436088371951965,0.02436088371951965,False,0.0,2.1580870433568705e-07,290,23,0,309
ZDT6,164,9,6,11,4.812375116561113e-06,4.805876848469342e-06,4.805876848469342e-06,False,0.0,0.0013503245142733845,290,23,0,309
ZDT6,165,9,6,11,5.95455393997694e-06,5.947326044862589e-06,5.947326044862589e-06,False,0.0,0.0012138432512677686,290,23,0,309
ZDT6,166,9,6,11,5.090136659908069e-06,5.083097476938825e-06,5.083097476938825e-06,False,0.0,0.0013829064796407617,290,23,0,309
ZDT6,167,9,6,12,1.977711001182016e-05,1.9769142527560995e-05,1.9769142527560995e-05,False,0.0,0.00040286392978564734,290,23,0,309
ZDT6,168,9,6,12,4.815176898911495e-06,4.807792029772425e-06,4.807792029772425e-06,False,0.0,0.001533665178685098,290,23,0,309
ZDT6,169,9,6,13,6.769352585178592e-06,6.762938763837764e-06,6.762938763837764e-06,False,0.0,0.0009474792840412739,290,23,0,309
ZDT6,170,9,6,14,0.022568499717305884,0.02256849691200137,0.02256849691200137,False,0.0,1.2430177229909598e-07,290,23,0,309
ZDT6,171,9,6,14,4.569326021917507e-06,4.563184104166503e-06,4.563184104166503e-06,False,0.0,0.0013441627324343745,290,23,0,309
ZDT6,172,9,6,14,0.09461367577438133,0.09461366426454412,0.09461366426454412,False,0.0,1.2165088306863837e-07,290,23,0,309
ZDT6,173,9,6,14,0.0014449924298290762,0.0014449814666617135,0.0014449814666617135,False,0.0,7.587006780335934e-06,290,23,0,309
ZDT6,174,9,6,14,4.706968337533351e-06,4.699765036410335e-06,4.699765036410335e-06,False,0.0,0.0015303483275162257,290,23,0,309
ZDT6,175,9,6,15,0.0006988830431674274,0.0006988720469271215,0.0006988720469271215,False,0.0,1.5734020754125766e-05,290,23,0,309
ZDT6,176,9,6,15,0.02766172007383548,0.027661717028798393,0.027661717028798393,False,0.0,1.1008126316566055e-07,290,23,0,309
ZDT6,177,9,6,15,0.1135611582328988,0.11356115392781195,0.11356115392781195,False,0.0,3.7909853363942836e-08,290,23,0,309
ZDT6,178,9,6,15,3.0255997540853784e-06,3.021355590576745e-06,3.021355590576745e-06,False,0.0,0.0014027511414563215,290,23,0,309
ZDT6,179,9,6,15,0.00038093435376838994,0.00038092337039172556,0.00038092337039172556,False,0.0,2.883272814785167e-05,290,23,0,309
ZDT6,180,9,6,15,4.708446719049898e-16,4.708450181633735e-16,4.708450181633735e-16,True,0.0,7.353983264867794e-07,290,23,0,309
ZDT6,181,9,6,15,0.06432494972680593,0.06432494880132053,0.06432494880132053,False,0.0,1.4387658297175408e-08,290,23,0,309
ZDT6,182,9,6,15,0.06436921442302641,0.06436921141546854,0.06436921141546854,False,0.0,4.6723544731357915e-08,290,23,0,309
ZDT6,183,9,6,15,0.028849719842782173,0.02884971132278121,0.02884971132278121,False,0.0,2.95323525085067e-07,290,23,0,309
ZDT6,184,9,6,15,0.03203402248407757,0.032034022365102874,0.032034022365102874,False,0.0,3.7140105713560492e-09,290,23,0,309
ZDT6,185,9,6,15,5.767574601520938e-06,5.761135536855088e-06,5.761135536855088e-06,False,0.0,0.0011164250331763249,290,23,0,309
ZDT6,186,9,6,16,8.36382920892112e-06,8.356772738595155e-06,8.356772738595155e-06,False,0.0,0.0008436889551067003,290,23,0,309
ZDT6,187,9,6,16,0.02868921714950681,0.02868921113017158,0.02868921113017158,False,0.0,2.0981176296328556e-07,290,23,0,309
ZDT6,188,9,6,16,0.03976331070712441,0.03976330278357908,0.03976330278357908,False,0.0,1.9926774689622945e-07,290,23,0,309
ZDT6,189,9,6,16,1.0124302272658326e-05,1.0117713720304074e-05,1.0117713720304074e-05,False,0.0,0.0006507660653361893,290,23,0,309
ZDT6,190,9,6,16,0.10543799871862228,0.10543799201822912,0.10543799201822912,False,0.0,6.354818223417358e-08,290,23,0,309
ZDT6,191,9,6,16,0.00022610481122017114,0.0002260942541650327,0.0002260942541650327,False,0.0,4.669097964557907e-05,290,23,0,309
ZDT6,192,9,6,16,0.004989653266063628,0.004989644791225566,0.004989644791225566,False,0.0,1.6984823614629664e-06,290,23,0,309
ZDT6,193,9,6,16,0.06377413195652837,0.06377413085194902,0.06377413085194902,False,0.0,1.7320178429246032e-08,290,23,0,309
ZDT6,194,9,6,16,0.008422019130279111,0.008422009325219505,0.008422009325219505,False,0.0,1.1642172090301536e-06,290,23,0,309
ZDT6,195,9,6,16,3.8277262704158055e-05,3.826842385302506e-05,3.826842385302506e-05,False,0.0,0.00023091648954396397,290,23,0,309
ZDT6,196,9,6,16,0.06284089160099578,0.06284088427562748,0.06284088427562748,False,0.0,1.1657008854319165e-07,290,23,0,309
ZDT6,197,9,6,16,3.611550973146835e-06,3.604886928534062e-06,3.604886928534062e-06,False,0.0,0.001845202978532686,290,23,0,309
ZDT6,198,7,6,14,2.3232870782305177e-05,2.3222365096064044e-05,2.3222365096064044e-05,False,0.0,0.0004521906199011182,290,23,0,309
ZDT6,199,7,6,14,5.094834248325996e-06,5.087654228230317e-06,5.087654228230317e-06,False,0.0,0.001409274521156162,290,23,0,309
ZDT6,200,7,6,15,0.04469800947213022,0.04469801009761416,0.04469801009761416,False,0.0,1.3993552505017298e-08,290,23,0,309
