label,exp,problema,D,q,n_ger,amp_q1,amp_q4,amp_razao,sg_sel_q1,sg_sel_q4,sg_sel_razao,corr_amp_sg,amp_min,amp_max
BBOB_F1,main,BBOB_F1,10,1,200,248.53837788403268,255.20890213055168,1.0268390109540002,2.5269050593909945,0.1791961153388104,0.07091525448209685,-0.1634231985617271,235.23502185662653,272.49077183376306
BBOB_F17,main,BBOB_F17,10,1,200,40000771.040264525,38320901.697686866,0.9580040759492683,610238.9094512097,170418.18323117698,0.27926469550169253,0.7571773311516945,37900150.59710844,42228992.4082847
BBOB_F22,main,BBOB_F22,10,1,200,1269234.8748368253,1200932.074064428,0.9461858461924327,40416.2146250029,10220.299333696305,0.2528762138791114,0.4718903007559865,1128526.389370675,1403266.262768322
BBOB_F37,main,BBOB_F37,10,1,200,5139.986065137266,4947.755317466386,0.9626009204626615,366.97674321590756,179.13667713537507,0.48814177041726475,0.3644380470921069,4567.68468105104,5752.373803181046
BBOB_F49,main,BBOB_F49,10,1,200,3174.4329360896695,2839.817406699057,0.8945904556412526,255.15649315339198,98.74310077779535,0.38699035073520205,0.5920517688866543,2590.389262973903,3634.620712444967
BBOB_F5,main,BBOB_F5,10,1,200,1551.2006224153502,1568.894512705825,1.0114065776114272,32.98136348350392,8.64092990033469,0.26199432005461415,-0.031804647945502855,1430.1016482462994,1744.0843180682302
BBOB_F55,main,BBOB_F55,10,1,200,64.31695677553947,113.49219609240983,1.7645765872985506,5.8523366752546,5.117675679793599,0.8744670656820953,-0.05084457015432856,39.53217123068303,122.84154251056725
DTLZ1,main,DTLZ1,7,1,140,492.66482795785447,518.7064066843946,1.0528586114711802,48.08327358986927,39.94588990677402,0.8307647737859153,-0.2512554508479913,462.3973202340128,559.4544627609941
DTLZ2,main,DTLZ2,12,1,240,2.901815150058834,2.6932355828240198,0.9281210013564837,0.1836270505858984,0.1031244863030098,0.5615974660267686,0.7391932205506929,2.582214384105015,3.080785803649136
DTLZ3,main,DTLZ3,12,1,240,2218.2058102323545,2192.617505390669,0.9884644135708016,188.86539601357302,152.48745772271897,0.8073869588675752,0.21340856766674723,2074.961046554086,2406.032128664161
DTLZ4,main,DTLZ4,12,1,240,2.041299899272949,2.114541392941441,1.03587983014871,0.15669552178301913,0.09071674711910091,0.5789364372819732,-0.06224283074043747,1.870768786624432,2.246326058625057
DTLZ7,main,DTLZ7,22,1,440,6.382505136205413,6.782319248174049,1.0626421919663878,0.2291026238070764,0.13234949252843917,0.5776864984308888,-0.5630051718898593,5.744080875794097,7.379374921862257
MMF1,main,MMF1,2,1,40,6.153597612384859,6.264864893666377,1.018081663490245,0.6882528369969668,0.8780639563578159,1.2757869044013626,0.3928321877078905,5.194267121355979,8.029331919987088
MMF11_L,main,MMF11_L,2,1,40,10.472730617463705,10.503312800165688,1.0029201727628692,0.5953370237799123,0.2663703539111329,0.4474278320872687,-0.11962851694476594,8.054601356806925,12.082494348515606
MMF16_20,main,MMF16_20,20,1,400,4.216954366747958,4.188697973987297,0.9932993363685718,0.26578812842689375,0.2182113141195742,0.8209972183900389,0.1230222617523093,4.0319432725292375,4.438948659767739
MMF4,main,MMF4,2,1,40,2.2712313122288394,2.0190429805621544,0.8889640476912922,0.28416918449523065,0.18912419938201322,0.6655338076785289,0.4242454835829251,1.851146707791293,2.6320323771456047
WFG1,main,WFG1,22,1,440,0.3411625823872,0.6472194515168967,1.8970997551611324,0.021455301753267153,0.027006179162286655,1.2587182167304745,0.684144606331851,0.2877070929187761,0.7195486725542874
WFG2,main,WFG2,22,1,440,4.364883914494019,3.3458137324432338,0.7665298317174337,0.4283392786069374,0.14359200841058525,0.3352296078883568,0.9277289672138886,3.170238459896011,4.953108658532597
WFG4,main,WFG4,22,1,440,3.8379665193937624,3.7735028121320697,0.9832036817059375,0.2589897136732663,0.1982626512075117,0.7655232649804538,0.22325253184577862,3.6159276957314748,4.265079282262791
WFG5,main,WFG5,22,1,440,3.939630739473172,3.7238523766222613,0.9452287848480526,0.21872082981032187,0.1405481076471694,0.6425913241507676,0.7504168822353523,3.539627019612742,4.185038268494392
WFG9,main,WFG9,22,1,440,6.404322253344066,6.800035974091401,1.0617885398475553,0.730887780771177,0.6758592213812802,0.924709974858473,-0.4566170359127602,5.387439654994282,7.918747439780761
ZDT1,main,ZDT1,30,1,600,3.0756038626471764,3.382830934400536,1.0998916263191738,0.0680957434514976,0.03222400222144504,0.4732161011561193,-0.7709632030636103,2.927718874102656,3.5687214490034656
ZDT3,main,ZDT3,30,1,600,3.343630777519568,3.6097638241554275,1.0795940294679567,0.22646195006780287,0.0975961885085979,0.4309606469403692,-0.6729807764547712,3.12065541826724,4.0217654251887325
ZDT4,main,ZDT4,10,1,200,113.02907058953156,121.4187738332407,1.0742260659134022,12.416280095534788,12.33629513308189,0.9935580574989072,-0.051414913993532915,98.71469591033288,141.82089927325845
ZDT6,main,ZDT6,10,1,200,2.434372988694914,2.4138371365182554,0.9915642129320256,0.05256618711221024,0.02889689177111652,0.5497239453459286,-0.04142126319153206,1.8011294861312244,2.6160887215427957
q10_DTLZ2,batch,DTLZ2,12,10,200,2.620418366717332,2.6072760952355,0.9949846667048454,0.07127141696953415,0.012108086692416024,0.16988699267185575,0.5285362113530477,2.5117456208996853,2.8725717044957855
q10_MMF16_20,batch,MMF16_20,20,10,200,4.1922530431785665,3.0494360222007595,0.7273978910129616,0.22600132400590456,0.005904781117374932,0.026127197012441674,0.9884345668191742,3.0291245056718523,4.423142019083407
q10_WFG9,batch,WFG9,22,10,200,6.637632161812794,6.469753719055964,0.9747080828427556,0.6814268541215565,0.5992519716746607,0.8794076254114914,0.07171004716066576,5.695430808288201,7.179033586770366
q10_ZDT1,batch,ZDT1,30,10,200,3.2219662558167768,3.425754834013069,1.0632497555889613,0.04257238467309359,0.010944873643357004,0.2570885734355946,-0.8428605466145673,2.949617358824171,3.6757418589567323
q10_ZDT4,batch,ZDT4,10,10,200,113.5055979839374,116.27410245971618,1.0243909069239965,12.311098624932843,11.755470375785894,0.9548676957211867,0.0553001688108842,97.90803065879301,137.0653943716885
